-- CREACION DE LA BASE DE DATOS  Y LO BORRA SI ES QUE
-- EXISTE ESA BASE DE DATOS

DROP DATABASE IF EXISTS coderhouse_gamers ;

CREATE DATABASE coderhouse_gamers ; 

USE coderhouse_gamers;

CREATE TABLE CLASS (
    id_level int NOT NULL,
    id_class int NOT NULL,
    description varchar(200) NOT NULL,
    CONSTRAINT PK_CLASS PRIMARY KEY (id_class,id_level)
);

-- Table: COMMENT
CREATE TABLE COMMENT (
    id_game int NOT NULL,
    id_system_user int NOT NULL,
    first_date date NOT NULL,
    last_date date NULL,
    CONSTRAINT PK_COMMENT PRIMARY KEY (id_game,id_system_user)
);

-- Table: COMMENTARY
CREATE TABLE COMMENTARY (
    id_commentary int NOT NULL,
    id_game int NOT NULL,
    id_system_user int NOT NULL,
    comment_date date NOT NULL,
    commentary varchar(200) NOT NULL,
    CONSTRAINT PK_COMMENTARY PRIMARY KEY (id_commentary,id_game,id_system_user)
);

-- Table: GAME
CREATE TABLE GAME (
    id_game int NOT NULL,
    name varchar(100) NOT NULL,
    description varchar(300) NOT NULL,
    id_level int NOT NULL,
    id_class int NOT NULL,
    CONSTRAINT PK_GAME PRIMARY KEY (id_game)
);


-- Table: LEVEL_GAME
CREATE TABLE LEVEL_GAME (
    id_level int NOT NULL,
    description varchar(200) NOT NULL,
    CONSTRAINT PK_LEVEL_GAME PRIMARY KEY (id_level)
);

-- Table: PLAY
CREATE TABLE PLAY (
    id_game int NOT NULL,
    id_system_user int NOT NULL,
    completed bool NOT NULL,
    CONSTRAINT PK_PLAY PRIMARY KEY (id_game,id_system_user)
);

-- Table: SUGGEST
CREATE TABLE SUGGEST (
    id_suggest int NOT NULL,
    email varchar(30) NOT NULL,
    id_game int NOT NULL,
    id_system_user int NOT NULL,
    CONSTRAINT PK_SUGGEST PRIMARY KEY (id_suggest)
);

-- Table: SYSTEM_USER
CREATE TABLE SYSTEM_USER (
    id_system_user int NOT NULL,
    first_name varchar(50) NOT NULL,
    last_name varchar(50) NOT NULL,
    email varchar(30) NOT NULL,
    password varchar(30) NOT NULL,
    id_user_type int NOT NULL,
    CONSTRAINT PK_SYSTEM_USER PRIMARY KEY (id_system_user)
);

-- Table: USER_TYPE
CREATE TABLE USER_TYPE (
    id_user_type int NOT NULL,
    description varchar(200) NOT NULL,
    CONSTRAINT PK_USER_TYPE PRIMARY KEY (id_user_type)
);

-- Table: VOTE
CREATE TABLE VOTE (
    id_vote int NOT NULL,
    value int NOT NULL,
    id_game int NOT NULL,
    id_system_user int NOT NULL,
    UNIQUE INDEX AK_VOTE (id_game,id_system_user),
    CONSTRAINT PK_VOTE PRIMARY KEY (id_vote)
);

-- foreign keys
-- Reference: FK_CLASS_LEVEL_GAME (table: CLASS)
ALTER TABLE CLASS ADD CONSTRAINT FK_CLASS_LEVEL_GAME FOREIGN KEY FK_CLASS_LEVEL_GAME (id_level)
    REFERENCES LEVEL_GAME (id_level);

-- Reference: FK_COMMENTARY_COMMENT (table: COMMENTARY)
ALTER TABLE COMMENTARY ADD CONSTRAINT FK_COMMENTARY_COMMENT FOREIGN KEY FK_COMMENTARY_COMMENT (id_game,id_system_user)
    REFERENCES COMMENT (id_game,id_system_user);

-- Reference: FK_COMMENT_GAME (table: COMMENT)
ALTER TABLE COMMENT ADD CONSTRAINT FK_COMMENT_GAME FOREIGN KEY FK_COMMENT_GAME (id_game)
    REFERENCES GAME (id_game);

-- Reference: FK_COMMENT_SYSTEM_USER (table: COMMENT)
ALTER TABLE COMMENT ADD CONSTRAINT FK_COMMENT_SYSTEM_USER FOREIGN KEY FK_COMMENT_SYSTEM_USER (id_system_user)
    REFERENCES SYSTEM_USER (id_system_user);

-- Reference: FK_PLAY_GAME (table: PLAY)
ALTER TABLE PLAY ADD CONSTRAINT FK_PLAY_GAME FOREIGN KEY FK_PLAY_GAME (id_game)
    REFERENCES GAME (id_game);

-- Reference: FK_PLAY_SYSTEM_USER (table: PLAY)
ALTER TABLE PLAY ADD CONSTRAINT FK_PLAY_SYSTEM_USER FOREIGN KEY FK_PLAY_SYSTEM_USER (id_system_user)
    REFERENCES SYSTEM_USER (id_system_user);

-- Reference: FK_SUGGEST_PLAY (table: SUGGEST)
ALTER TABLE SUGGEST ADD CONSTRAINT FK_SUGGEST_PLAY FOREIGN KEY FK_SUGGEST_PLAY (id_game,id_system_user)
    REFERENCES PLAY (id_game,id_system_user);

-- Reference: FK_USER_USER_TYPE (table: USER)
ALTER TABLE SYSTEM_USER ADD CONSTRAINT FK_USER_USER_TYPE FOREIGN KEY FK_USER_USER_TYPE (id_user_type)
    REFERENCES USER_TYPE (id_user_type);

-- Reference: FK_VOTE_PLAY (table: VOTE)
ALTER TABLE VOTE ADD CONSTRAINT FK_VOTE_PLAY FOREIGN KEY FK_VOTE_PLAY (id_game,id_system_user)
    REFERENCES PLAY (id_game,id_system_user);

-- Reference: GAME_CLASS (table: GAME)
ALTER TABLE GAME ADD CONSTRAINT GAME_CLASS FOREIGN KEY GAME_CLASS (id_class,id_level)
    REFERENCES CLASS (id_class, id_level);

-- End of file.


-- PROCESS TO POPULATE THE DATABASE

insert into LEVEL_GAME (id_level, description)
VALUES
(1, 'level 1'),
(2, 'level 2'),
(3, 'level 3'),
(4, 'level 4'),
(5, 'level 5'),
(6, 'level 6'),
(7, 'level 7'),
(8, 'level 8'),
(9, 'level 9'),
(10, 'level 10'),
(11, 'level 11'),
(12, 'level 12'),
(13, 'level 13'),
(14, 'level 14'),
(15, 'level 15');

insert into CLASS (id_class, description, id_level) values (1, 'Action', 10),
(5, 'Thriller', 10),
(14, 'Children', 13),
(18, 'Comedy', 2),
(19, 'Romance', 8),
(20, 'Drama', 8),
(22, 'Documentary', 8),
(25, 'Fantasy', 1),
(29, 'Sci-Fi', 15),
(31, 'Animation', 12),
(34, 'War', 11),
(36, 'Horror', 9),
(39, 'Musical', 4),
(41, 'Adventure', 11),
(50, 'Documentary', 2),
(72, 'IMAX', 9),
(73, 'Action', 8),
(77, 'Poetic Documentary', 5),
(80, 'Expository Documentary', 11),
(81, 'Reflexive Documentary', 8),
(89, 'Observational Documentary', 6),
(90, 'Performative Documentary', 11),
(91, 'Participatory Documentary', 10),
(93, 'Adventure', 13),
(101, 'Military Action', 1),
(102, 'Spy', 9),
(106, 'Espionage Action', 8),
(108, 'Martial Arts Action', 14),
(112, 'Action Hybrid Genres', 14),
(115, 'Children  literary adaptations', 12),
(118, 'Romance  literary adaptations', 3),
(121, 'Satire', 5),
(122, 'Straight drama', 14),
(131, 'Psychological drama', 13),
(135, 'Comedy-drama', 7),
(137, 'Mystery', 15),
(141, 'Hyperdrama', 5),
(143, 'Traditional animation ', 2),
(145, '2D Animation', 7),
(146, '3D Animation', 10),
(153, 'Motion Graphics', 6),
(157, 'Stop-Motion animation', 9),
(162, 'Typography Animation', 15),
(165, 'Clay animation', 2),
(170, 'Digital 2D animation', 6),
(173, 'Digital 3D animation', 11),
(174, 'Mechanical Animation', 1),
(175, 'Chuckimation', 4),
(180, 'Puppetry Animation', 5),
(181, 'Crime', 4),
(185, 'Crime comedy', 5),
(192, 'Suspense-thriller', 7),
(195, 'Police', 13),
(197, 'Gangster', 1),
(198, 'Pirate adventure', 4),
(203, 'Horror adventure', 1),
(205, 'War adventure', 14),
(207, 'Action adventure', 9),
(208, 'Scary', 15),
(217, 'Psychological horror', 1),
(223, 'Classical musical', 15),
(231, 'First musical', 3),
(236, 'Golden age musical', 8),
(238, 'Spanish musical', 14),
(240, 'Soviet musical', 4),
(243, 'Opera musical', 3),
(245, 'American comedy', 4),
(246, 'Mafia comedy', 7),
(257, 'Indian comedy', 6),
(258, 'Classical comedy', 10),
(260, 'Slapstick comedy', 11),
(264, 'Stand-up', 7),
(273, 'Situational comedy', 11),
(275, 'Surreal comedy', 2),
(276, 'Martial Arts Action', 2),
(281, 'Fantasy comedy', 8),
(285, 'Comedy horror', 2),
(286, 'Romantic comedy', 2),
(294, 'Sport comedy', 11),
(297, 'Italian comedy', 12),
(300, 'British comedy', 11);


insert into GAME (id_game, name, description, id_class, id_level) values (55, 'Kimetsu no Yaiba - The Hinokami Chronicles', '', 1, 10),
(57, 'Elden Ring', 'etiam pretium iaculis', 5, 10),
(49, 'FIFA 22: Ultimate Team', 'habitasse', 14, 13),
(98, 'Call of Duty: Vanguard', 'odio donec vitae nisi', 14, 13),
(8, 'Blue Reflection: Second Light', 'libero rutrum ac lobortis', 18, 2),
(93, 'Blast Brigade', 'in sapien iaculis congue vivamus', 19, 8),
(23, 'The Dark Pictures: House Of Ashes', '', 20, 8),
(65, 'Youtubers Life 2', 'lacus morbi quis', 22, 8),
(87, 'First Class Trouble', 'ipsum primis in faucibus orci', 25, 1),
(68, 'Saints & Sinners', 'placerat ante nulla justo', 29, 15),
(59, 'Battlefield 2042', 'pede libero', 31, 12),
(74, 'Back 4 Blood', 'pulvinar', 36, 9),
(44, 'First Class Trouble', '', 39, 4),
(86, 'Riders Republic', 'lobortis est', 39, 4),
(89, 'UnMetal', 'at turpis', 41, 11),
(5, 'Age of Empires IV', '', 50, 2),
(70, 'Rainbow Six: Siege', 'curae duis faucibus accumsan', 72, 9),
(43, 'Dungeon Encounters', '', 73, 8),
(91, 'Bright Memory: Infinite', '', 77, 5),
(95, 'The Dark Pictures: House Of Ashes', 'aenean lectus pellentesque eget nunc', 80, 11),
(81, 'Mafia: Edición Definitiva', 'augue vel accumsan', 81, 8),
(52, 'Knockout City', '', 89, 6),
(9, 'Darkest Dungeon II', 'erat nulla', 90, 11),
(42, 'Marvels Guardianes de la Galaxia', 'lectus suspendisse', 91, 10),
(27, 'Iron Harvest: Complete Edition', 'pellentesque eget nunc donec quis', 93, 13),
(41, 'Lost Ark', 'sapien quis libero', 93, 13),
(54, 'Kena: Bridge of Spirits', 'pellentesque at', 101, 1),
(39, 'Crysis Remastered Trilogy', 'volutpat convallis', 102, 9),
(45, 'FIFA 22', 'tempor convallis nulla neque libero', 106, 8),
(60, 'Jurassic World Evolution 2', '', 106, 8),
(29, 'The Elder Scrolls V: Skyrim Anniversary Edition', 'proin at', 108, 14),
(19, 'Marvels Guardianes de la Galaxia', 'in ante vestibulum ante ipsum', 112, 14),
(72, 'Grand Theft Auto: The Trilogy - The Definitive Edition', 'ac consequat metus sapien ut', 112, 14),
(58, 'Grand Theft Auto: The Trilogy - The Definitive Edition', 'integer tincidunt', 115, 12),
(100, 'Cyberpunk 2077', '', 115, 12),
(25, 'Call of Duty: Vanguard', 'in felis eu sapien', 118, 3),
(53, 'God of War', 'sit amet diam in', 121, 5),
(83, 'The Last of Us 2', 'quam turpis adipiscing', 122, 14),
(26, 'Disciples: Liberation', 'non lectus aliquam sit amet', 131, 13),
(92, 'Project Zero: Maiden of Black Water', '', 135, 7),
(46, 'Alan Wake Remastered', 'dui luctus rutrum nulla tellus', 137, 15),
(33, 'Call of Duty: Vanguard', 'proin eu', 141, 5),
(1, 'Forza Horizon 5', 'odio donec', 143, 2),
(17, 'Mario Party Superstars', 'pellentesque ultrices phasellus id', 145, 7),
(84, 'Dragon Age: Inquisition', 'auctor gravida sem praesent id', 146, 10),
(2, 'Call of Duty: Vanguard', 'morbi non', 153, 6),
(34, 'Elden Ring', 'nec molestie sed justo', 153, 6),
(51, 'Battlefield 2042', '', 153, 6),
(76, 'Fast & Furious: Spy Racers El Retorno de SH1FT3R', 'ligula sit amet eleifend pede', 157, 9),
(96, 'Project Zero: Maiden of Black Water', 'ac nulla', 162, 15),
(22, 'Poppy Playtime', 'nulla elit ac nulla', 165, 2),
(71, 'The Good Life', 'ultrices phasellus id sapien in', 170, 6),
(7, 'Football Manager 22', 'mauris lacinia sapien quis libero', 173, 11),
(77, 'Dragon Ball Z Kakarot', 'lorem', 174, 1),
(75, 'Marvels Guardianes de la Galaxia', 'commodo placerat praesent blandit nam', 175, 4),
(85, 'Harry Potter: Magic Awakened', 'sed tristique in tempus', 180, 5),
(36, 'Far Cry 6', '', 181, 4),
(21, 'Forza Horizon 5', 'congue eget', 185, 5),
(14, 'Gran Turismo 7', '', 192, 7),
(47, 'Disco Elysium', 'in tempor', 195, 13),
(88, 'It Takes Two', '', 195, 13),
(62, 'Knights of the Old Republic', 'ipsum primis in faucibus orci', 197, 1),
(48, 'Back 4 Blood', 'ornare imperdiet sapien urna pretium', 198, 4),
(37, 'Pokémon Diamante Brillante / Perla Reluciente', 'imperdiet et commodo', 203, 1),
(12, 'FIFA 22: Ultimate Team', 'suspendisse', 205, 14),
(30, 'Assassins Creed Valhalla', 'vivamus', 207, 9),
(11, 'Elden Ring', 'et ultrices posuere cubilia curae', 208, 15),
(13, 'New World', 'potenti cras in', 208, 15),
(99, 'Chernobylite', 'fermentum donec ut mauris eget', 217, 1),
(18, 'Far Cry 6', 'ante vel ipsum praesent blandit', 223, 15),
(38, 'Grand Theft Auto: The Trilogy - The Definitive Edition', 'praesent', 231, 3),
(80, 'Kimetsu no Yaiba - The Hinokami Chronicles', 'sagittis dui', 231, 3),
(6, 'Football Manager 22', 'nulla suspendisse potenti', 236, 8),
(67, 'Aven Colony', 'sollicitudin ut', 238, 14),
(50, 'Far Cry 6', 'quis libero nullam sit', 240, 4),
(3, 'Shin Megami Tensei 5', 'turpis integer aliquet massa id', 243, 3),
(4, 'Marvels Guardianes de la Galaxia', 'lobortis sapien sapien non mi', 245, 4),
(15, 'Kingdoms of Amalur: Re-Reckoning', 'sit amet sapien dignissim', 246, 7),
(61, 'Echo Generation', 'elementum ligula', 257, 6),
(94, 'Until You Fall', 'sollicitudin ut suscipit a feugiat', 258, 10),
(28, 'Leyendas Pokémon: Arceus', 'vitae consectetuer eget rutrum at', 260, 11),
(20, 'Riders Republic', 'in', 264, 7),
(31, 'Inscryption', '', 273, 11),
(10, 'Voice of Cards', 'parturient montes nascetur', 275, 2),
(35, 'Resident Evil 4 VR', 'magna', 275, 2),
(56, 'PES 2022', 'mi pede', 276, 2),
(40, 'Jurassic World Evolution 2', '', 281, 8),
(90, 'Ghost of Tsushima', 'purus', 285, 2),
(66, 'Ghost Recon: Frontline', 'habitasse', 286, 2),
(63, 'Starfield', 'diam', 294, 11),
(64, 'My Friend Peppa Pig', 'vel', 297, 12),
(24, 'DokeV', 'vel', 300, 11),
(32, 'Metroid Dread', '', 34, 11),
(69, 'The Dark Pictures: House Of Ashes', '', 91, 10),
(79, 'Grand Theft Auto: The Trilogy - The Definitive Edition', 'eu tincidunt in leo', 106, 8),
(82, 'Xbox Game Pass', 'eleifend pede libero quis', 112, 14),
(78, 'Insurgency: Sandstorm', 'morbi a ipsum', 153, 6),
(16, 'Project Zero: Maiden of Black Water', '', 205, 14),
(73, 'Elden Ring', 'elementum pellentesque', 208, 15),
(97, 'Actraiser Renaissance', 'viverra eget congue', 231, 3);

insert into USER_TYPE (id_user_type, description) values (1, 'rutrum rutrum neque aenean auctor gravida sem praesent'),
(2, 'volutpat dui maecenas tristique est et'),
(3, 'justo sollicitudin ut suscipit a'),
(4, 'donec semper sapien a libero nam dui'),
(5, 'habitasse platea dictumst maecenas ut massa quis augue luctus'),
(6, 'at turpis donec posuere metus vitae ipsum aliquam non mauris'),
(7, 'pede justo lacinia eget tincidunt eget tempus'),
(8, 'morbi odio odio elementum eu interdum eu tincidunt'),
(9, 'et ultrices posuere cubilia curae donec pharetra magna vestibulum aliquet'),
(10, 'felis eu sapien cursus vestibulum proin eu'),
(11, 'arcu sed augue aliquam erat'),
(12, 'amet consectetuer adipiscing elit proin risus praesent lectus vestibulum'),
(13, 'sapien varius ut blandit non interdum in ante vestibulum'),
(14, 'nam ultrices libero non mattis'),
(15, 'pellentesque volutpat dui maecenas tristique est et tempus'),
(16, 'felis ut at dolor quis odio consequat'),
(17, 'nibh fusce lacus purus aliquet at feugiat non pretium quis'),
(18, 'aliquet maecenas leo odio condimentum'),
(19, 'sollicitudin mi sit amet lobortis sapien'),
(20, 'in sapien iaculis congue vivamus metus arcu adipiscing molestie'),
(21, 'blandit mi in porttitor pede justo'),
(22, 'justo in hac habitasse platea dictumst etiam faucibus cursus'),
(23, 'tempor turpis nec euismod scelerisque quam'),
(24, 'sed justo pellentesque viverra pede ac diam cras'),
(25, 'leo odio porttitor id consequat in consequat ut nulla sed'),
(26, 'cubilia curae duis faucibus accumsan'),
(27, 'amet erat nulla tempus vivamus in'),
(28, 'ultrices posuere cubilia curae mauris viverra diam'),
(29, 'erat id mauris vulputate elementum nullam'),
(30, 'consequat ut nulla sed accumsan felis ut at dolor quis'),
(31, 'etiam faucibus cursus urna ut tellus nulla'),
(32, 'posuere nonummy integer non velit donec diam neque vestibulum'),
(33, 'turpis a pede posuere nonummy'),
(34, 'fusce lacus purus aliquet at'),
(35, 'penatibus et magnis dis parturient'),
(36, 'quam a odio in hac habitasse'),
(37, 'vestibulum sit amet cursus id turpis'),
(38, 'interdum eu tincidunt in leo maecenas pulvinar lobortis'),
(39, 'laoreet ut rhoncus aliquet pulvinar sed nisl nunc rhoncus dui'),
(40, 'at nunc commodo placerat praesent blandit nam'),
(41, 'nascetur ridiculus mus vivamus vestibulum sagittis'),
(42, 'est risus auctor sed tristique in tempus sit amet sem'),
(43, 'dis parturient montes nascetur ridiculus mus vivamus vestibulum sagittis'),
(44, 'ut at dolor quis odio consequat varius'),
(45, 'dictumst etiam faucibus cursus urna ut tellus nulla ut erat'),
(46, 'suspendisse accumsan tortor quis turpis sed'),
(47, 'eget tempus vel pede morbi porttitor'),
(48, 'nullam molestie nibh in lectus pellentesque at nulla'),
(49, 'lacus morbi quis tortor id nulla ultrices aliquet maecenas'),
(50, 'ultrices posuere cubilia curae duis faucibus accumsan odio curabitur'),
(51, 'rhoncus aliquet pulvinar sed nisl nunc rhoncus dui vel sem'),
(52, 'nunc purus phasellus in felis donec'),
(53, 'ipsum praesent blandit lacinia erat vestibulum sed magna at'),
(54, 'semper rutrum nulla nunc purus phasellus in felis donec'),
(55, 'arcu sed augue aliquam erat volutpat in congue'),
(56, 'amet lobortis sapien sapien non mi integer ac neque duis'),
(57, 'sed lacus morbi sem mauris laoreet ut'),
(58, 'tortor quis turpis sed ante vivamus tortor duis mattis egestas'),
(59, 'pretium iaculis diam erat fermentum justo nec condimentum neque'),
(60, 'lobortis sapien sapien non mi'),
(61, 'est risus auctor sed tristique in tempus sit amet'),
(62, 'auctor gravida sem praesent id massa'),
(63, 'aliquam augue quam sollicitudin vitae consectetuer eget'),
(64, 'luctus et ultrices posuere cubilia curae donec pharetra'),
(65, 'ut mauris eget massa tempor convallis'),
(66, 'duis ac nibh fusce lacus purus aliquet at'),
(67, 'eget elit sodales scelerisque mauris sit amet eros suspendisse'),
(68, 'vel dapibus at diam nam'),
(69, 'dolor quis odio consequat varius integer ac leo pellentesque ultrices'),
(70, 'massa donec dapibus duis at velit eu est congue'),
(71, 'cursus vestibulum proin eu mi nulla ac enim in tempor'),
(72, 'vel pede morbi porttitor lorem id'),
(73, 'venenatis lacinia aenean sit amet justo morbi'),
(74, 'posuere felis sed lacus morbi sem mauris laoreet'),
(75, 'lectus in est risus auctor'),
(76, 'non velit donec diam neque vestibulum eget vulputate ut ultrices'),
(77, 'nam ultrices libero non mattis pulvinar nulla pede ullamcorper'),
(78, 'pede venenatis non sodales sed tincidunt eu felis fusce posuere'),
(79, 'in lectus pellentesque at nulla suspendisse'),
(80, 'rhoncus mauris enim leo rhoncus sed vestibulum'),
(81, 'elit proin interdum mauris non ligula pellentesque ultrices phasellus'),
(82, 'quam sapien varius ut blandit non interdum in'),
(83, 'nulla tellus in sagittis dui vel nisl'),
(84, 'quis lectus suspendisse potenti in eleifend'),
(85, 'in congue etiam justo etiam pretium iaculis justo in'),
(86, 'dapibus augue vel accumsan tellus nisi eu'),
(87, 'orci luctus et ultrices posuere cubilia'),
(88, 'urna pretium nisl ut volutpat sapien arcu sed augue aliquam'),
(89, 'mattis egestas metus aenean fermentum donec ut mauris eget'),
(90, 'ut mauris eget massa tempor convallis'),
(91, 'vitae quam suspendisse potenti nullam porttitor lacus at turpis donec'),
(92, 'volutpat quam pede lobortis ligula'),
(93, 'praesent blandit nam nulla integer'),
(94, 'elementum in hac habitasse platea dictumst morbi'),
(95, 'amet erat nulla tempus vivamus in felis'),
(96, 'primis in faucibus orci luctus'),
(97, 'donec odio justo sollicitudin ut suscipit a'),
(98, 'pede ullamcorper augue a suscipit nulla'),
(99, 'nascetur ridiculus mus etiam vel'),
(100, 'in est risus auctor sed tristique in tempus'),
(101, 'vestibulum vestibulum ante ipsum primis in faucibus'),
(102, 'libero quis orci nullam molestie nibh in'),
(103, 'nisl duis bibendum felis sed interdum'),
(104, 'suscipit a feugiat et eros vestibulum ac est lacinia'),
(105, 'in felis donec semper sapien a libero'),
(106, 'morbi ut odio cras mi pede'),
(107, 'et eros vestibulum ac est'),
(108, 'sodales scelerisque mauris sit amet eros suspendisse accumsan tortor'),
(109, 'morbi vestibulum velit id pretium iaculis diam'),
(110, 'felis sed interdum venenatis turpis enim blandit mi in'),
(111, 'lectus in est risus auctor sed tristique in'),
(112, 'orci eget orci vehicula condimentum curabitur in libero ut'),
(113, 'donec ut mauris eget massa tempor convallis'),
(114, 'in est risus auctor sed tristique in tempus'),
(115, 'amet nunc viverra dapibus nulla'),
(116, 'mattis odio donec vitae nisi nam ultrices libero'),
(117, 'sagittis dui vel nisl duis ac'),
(118, 'lobortis vel dapibus at diam nam tristique'),
(119, 'vel augue vestibulum rutrum rutrum neque aenean auctor gravida'),
(120, 'quam a odio in hac habitasse'),
(121, 'in tempor turpis nec euismod scelerisque quam turpis adipiscing lorem'),
(122, 'quis odio consequat varius integer ac leo'),
(123, 'tortor sollicitudin mi sit amet lobortis sapien sapien non'),
(124, 'nulla nunc purus phasellus in felis donec'),
(125, 'phasellus sit amet erat nulla'),
(126, 'dui maecenas tristique est et'),
(127, 'rhoncus sed vestibulum sit amet cursus id'),
(128, 'cursus vestibulum proin eu mi nulla ac enim'),
(129, 'id ligula suspendisse ornare consequat'),
(130, 'sagittis sapien cum sociis natoque penatibus et magnis dis parturient'),
(131, 'convallis morbi odio odio elementum eu'),
(132, 'ipsum praesent blandit lacinia erat vestibulum'),
(133, 'tristique in tempus sit amet sem fusce consequat'),
(134, 'leo pellentesque ultrices mattis odio'),
(135, 'a pede posuere nonummy integer non velit donec diam neque'),
(136, 'curae donec pharetra magna vestibulum'),
(137, 'sit amet turpis elementum ligula'),
(138, 'duis mattis egestas metus aenean fermentum'),
(139, 'nibh in quis justo maecenas rhoncus'),
(140, 'quam sapien varius ut blandit'),
(141, 'ante ipsum primis in faucibus orci luctus'),
(142, 'dui vel sem sed sagittis'),
(143, 'nulla ultrices aliquet maecenas leo'),
(144, 'cubilia curae nulla dapibus dolor vel est donec'),
(145, 'convallis nunc proin at turpis a'),
(146, 'ante nulla justo aliquam quis turpis eget elit sodales'),
(147, 'viverra diam vitae quam suspendisse potenti nullam porttitor'),
(148, 'erat tortor sollicitudin mi sit amet lobortis sapien sapien non'),
(149, 'elementum pellentesque quisque porta volutpat erat quisque erat eros'),
(150, 'praesent blandit lacinia erat vestibulum'),
(151, 'volutpat quam pede lobortis ligula'),
(152, 'nascetur ridiculus mus etiam vel augue vestibulum rutrum rutrum neque'),
(153, 'in purus eu magna vulputate luctus'),
(154, 'tempus semper est quam pharetra magna ac consequat metus sapien'),
(155, 'et ultrices posuere cubilia curae nulla dapibus'),
(156, 'mauris laoreet ut rhoncus aliquet pulvinar sed'),
(157, 'blandit ultrices enim lorem ipsum dolor sit'),
(158, 'quis orci nullam molestie nibh in'),
(159, 'non velit donec diam neque vestibulum eget vulputate ut'),
(160, 'nec molestie sed justo pellentesque viverra pede ac diam cras'),
(161, 'id nulla ultrices aliquet maecenas leo odio'),
(162, 'aliquet ultrices erat tortor sollicitudin mi sit amet'),
(163, 'mus etiam vel augue vestibulum rutrum rutrum neque'),
(164, 'sapien dignissim vestibulum vestibulum ante ipsum'),
(165, 'phasellus sit amet erat nulla tempus vivamus in'),
(166, 'amet erat nulla tempus vivamus in felis eu sapien'),
(167, 'libero nam dui proin leo'),
(168, 'sit amet nulla quisque arcu'),
(169, 'ut nulla sed accumsan felis ut'),
(170, 'lobortis sapien sapien non mi integer ac neque'),
(171, 'in faucibus orci luctus et ultrices posuere cubilia curae donec'),
(172, 'donec ut mauris eget massa tempor convallis'),
(173, 'posuere cubilia curae duis faucibus accumsan odio curabitur convallis duis'),
(174, 'aliquam quis turpis eget elit sodales scelerisque mauris sit amet'),
(175, 'proin at turpis a pede posuere nonummy'),
(176, 'ligula vehicula consequat morbi a'),
(177, 'ipsum primis in faucibus orci luctus et ultrices posuere'),
(178, 'bibendum morbi non quam nec dui luctus rutrum'),
(179, 'hac habitasse platea dictumst aliquam augue quam sollicitudin vitae'),
(180, 'et ultrices posuere cubilia curae'),
(181, 'hendrerit at vulputate vitae nisl aenean'),
(182, 'libero rutrum ac lobortis vel dapibus'),
(183, 'ante ipsum primis in faucibus orci luctus et'),
(184, 'sapien ut nunc vestibulum ante'),
(185, 'dapibus duis at velit eu'),
(186, 'odio in hac habitasse platea dictumst maecenas'),
(187, 'in felis donec semper sapien a libero'),
(188, 'sit amet turpis elementum ligula vehicula'),
(189, 'amet justo morbi ut odio cras mi pede malesuada'),
(190, 'augue a suscipit nulla elit ac nulla sed'),
(191, 'posuere cubilia curae nulla dapibus dolor vel est'),
(192, 'maecenas tristique est et tempus semper est quam pharetra'),
(193, 'pede posuere nonummy integer non velit donec diam neque'),
(194, 'rhoncus sed vestibulum sit amet cursus id turpis'),
(195, 'in faucibus orci luctus et'),
(196, 'convallis nulla neque libero convallis eget eleifend luctus'),
(197, 'tempus sit amet sem fusce consequat'),
(198, 'mauris vulputate elementum nullam varius nulla'),
(199, 'praesent lectus vestibulum quam sapien varius'),
(200, 'varius nulla facilisi cras non'),
(201, 'id massa id nisl venenatis lacinia aenean sit'),
(202, 'et ultrices posuere cubilia curae donec'),
(203, 'semper sapien a libero nam dui proin leo odio porttitor'),
(204, 'lacus morbi sem mauris laoreet ut'),
(205, 'pretium iaculis justo in hac habitasse platea'),
(206, 'volutpat dui maecenas tristique est'),
(207, 'dapibus duis at velit eu est congue elementum'),
(208, 'vel lectus in quam fringilla rhoncus mauris enim leo rhoncus'),
(209, 'cras mi pede malesuada in imperdiet et'),
(210, 'sit amet nulla quisque arcu libero'),
(211, 'metus vitae ipsum aliquam non mauris morbi'),
(212, 'facilisi cras non velit nec nisi vulputate nonummy maecenas tincidunt'),
(213, 'nisl aenean lectus pellentesque eget nunc donec'),
(214, 'ut massa quis augue luctus tincidunt nulla mollis'),
(215, 'est phasellus sit amet erat nulla tempus vivamus in felis'),
(216, 'ut tellus nulla ut erat id'),
(217, 'ipsum primis in faucibus orci luctus et ultrices posuere'),
(218, 'elementum nullam varius nulla facilisi cras'),
(219, 'interdum eu tincidunt in leo maecenas pulvinar lobortis'),
(220, 'nullam molestie nibh in lectus'),
(221, 'ultrices libero non mattis pulvinar nulla'),
(222, 'vitae quam suspendisse potenti nullam porttitor'),
(223, 'consectetuer adipiscing elit proin risus praesent lectus vestibulum'),
(224, 'pede malesuada in imperdiet et commodo vulputate justo'),
(225, 'faucibus orci luctus et ultrices posuere cubilia curae duis faucibus'),
(226, 'duis aliquam convallis nunc proin'),
(227, 'lacus purus aliquet at feugiat non pretium quis lectus suspendisse'),
(228, 'morbi odio odio elementum eu'),
(229, 'velit nec nisi vulputate nonummy maecenas'),
(230, 'consequat lectus in est risus auctor sed tristique in'),
(231, 'a suscipit nulla elit ac nulla sed vel enim sit'),
(232, 'mollis molestie lorem quisque ut erat curabitur gravida nisi at'),
(233, 'eget eros elementum pellentesque quisque porta'),
(234, 'volutpat quam pede lobortis ligula'),
(235, 'quis orci eget orci vehicula condimentum'),
(236, 'magnis dis parturient montes nascetur ridiculus mus'),
(237, 'mollis molestie lorem quisque ut erat curabitur gravida'),
(238, 'morbi vel lectus in quam fringilla rhoncus mauris'),
(239, 'orci luctus et ultrices posuere'),
(240, 'vel nulla eget eros elementum pellentesque quisque porta'),
(241, 'sit amet erat nulla tempus vivamus in felis eu'),
(242, 'nunc nisl duis bibendum felis'),
(243, 'turpis donec posuere metus vitae ipsum aliquam non mauris'),
(244, 'sed vestibulum sit amet cursus'),
(245, 'feugiat non pretium quis lectus'),
(246, 'consequat metus sapien ut nunc vestibulum ante ipsum primis'),
(247, 'nunc proin at turpis a pede posuere nonummy'),
(248, 'aenean lectus pellentesque eget nunc donec quis'),
(249, 'pharetra magna vestibulum aliquet ultrices erat tortor'),
(250, 'donec dapibus duis at velit eu est congue elementum in'),
(251, 'libero quis orci nullam molestie'),
(252, 'quam sollicitudin vitae consectetuer eget rutrum at'),
(253, 'at velit eu est congue elementum in hac'),
(254, 'congue eget semper rutrum nulla nunc purus phasellus in'),
(255, 'odio cras mi pede malesuada in imperdiet et commodo vulputate'),
(256, 'ac diam cras pellentesque volutpat dui maecenas tristique'),
(257, 'nascetur ridiculus mus etiam vel augue vestibulum rutrum'),
(258, 'neque vestibulum eget vulputate ut ultrices vel augue vestibulum ante'),
(259, 'quis lectus suspendisse potenti in eleifend quam'),
(260, 'montes nascetur ridiculus mus etiam'),
(261, 'in congue etiam justo etiam pretium iaculis justo in'),
(262, 'convallis duis consequat dui nec nisi volutpat eleifend donec'),
(263, 'venenatis non sodales sed tincidunt eu'),
(264, 'nulla quisque arcu libero rutrum ac lobortis'),
(265, 'ridiculus mus etiam vel augue'),
(266, 'etiam faucibus cursus urna ut tellus nulla ut'),
(267, 'cum sociis natoque penatibus et magnis dis parturient montes nascetur'),
(268, 'id nulla ultrices aliquet maecenas leo odio condimentum'),
(269, 'proin eu mi nulla ac enim in tempor'),
(270, 'in congue etiam justo etiam pretium iaculis justo'),
(271, 'quam pede lobortis ligula sit amet eleifend pede'),
(272, 'ut at dolor quis odio'),
(273, 'sem fusce consequat nulla nisl nunc nisl duis'),
(274, 'nam ultrices libero non mattis pulvinar nulla'),
(275, 'penatibus et magnis dis parturient'),
(276, 'morbi vestibulum velit id pretium iaculis diam erat'),
(277, 'vel augue vestibulum ante ipsum primis in faucibus'),
(278, 'potenti cras in purus eu magna'),
(279, 'pretium iaculis justo in hac habitasse platea dictumst etiam'),
(280, 'aliquam augue quam sollicitudin vitae consectetuer eget'),
(281, 'id mauris vulputate elementum nullam'),
(282, 'lobortis convallis tortor risus dapibus'),
(283, 'dis parturient montes nascetur ridiculus mus etiam vel augue'),
(284, 'ipsum primis in faucibus orci luctus et ultrices posuere cubilia'),
(285, 'nisl ut volutpat sapien arcu sed augue aliquam erat volutpat'),
(286, 'phasellus sit amet erat nulla tempus vivamus in felis eu'),
(287, 'curae nulla dapibus dolor vel'),
(288, 'donec diam neque vestibulum eget'),
(289, 'maecenas pulvinar lobortis est phasellus sit'),
(290, 'amet eros suspendisse accumsan tortor quis'),
(291, 'nec condimentum neque sapien placerat ante nulla'),
(292, 'nunc donec quis orci eget'),
(293, 'ac neque duis bibendum morbi'),
(294, 'sit amet cursus id turpis integer aliquet massa id'),
(295, 'elementum nullam varius nulla facilisi cras'),
(296, 'feugiat non pretium quis lectus suspendisse potenti in eleifend quam'),
(297, 'sit amet sem fusce consequat nulla nisl nunc'),
(298, 'libero nam dui proin leo odio porttitor id'),
(299, 'velit id pretium iaculis diam erat'),
(300, 'sed magna at nunc commodo placerat praesent blandit'),
(301, 'fusce posuere felis sed lacus morbi sem mauris laoreet ut'),
(302, 'blandit non interdum in ante vestibulum ante'),
(303, 'lacus morbi quis tortor id nulla ultrices'),
(304, 'lacinia aenean sit amet justo morbi ut'),
(305, 'magna at nunc commodo placerat praesent blandit'),
(306, 'purus aliquet at feugiat non'),
(307, 'faucibus orci luctus et ultrices posuere cubilia'),
(308, 'ultrices posuere cubilia curae mauris viverra diam vitae quam'),
(309, 'orci luctus et ultrices posuere cubilia curae'),
(310, 'libero ut massa volutpat convallis morbi odio odio'),
(311, 'lorem vitae mattis nibh ligula'),
(312, 'vulputate ut ultrices vel augue vestibulum ante'),
(313, 'ac consequat metus sapien ut nunc vestibulum ante ipsum primis'),
(314, 'penatibus et magnis dis parturient'),
(315, 'id ligula suspendisse ornare consequat lectus in est risus auctor'),
(316, 'ante vel ipsum praesent blandit lacinia erat'),
(317, 'sit amet lobortis sapien sapien non mi integer'),
(318, 'rutrum at lorem integer tincidunt ante vel ipsum praesent blandit'),
(319, 'mattis pulvinar nulla pede ullamcorper augue a suscipit'),
(320, 'maecenas tincidunt lacus at velit vivamus vel nulla eget eros'),
(321, 'purus sit amet nulla quisque'),
(322, 'elementum ligula vehicula consequat morbi a'),
(323, 'tincidunt ante vel ipsum praesent blandit lacinia'),
(324, 'donec ut mauris eget massa tempor convallis nulla neque'),
(325, 'id luctus nec molestie sed justo'),
(326, 'nec nisi volutpat eleifend donec'),
(327, 'rutrum neque aenean auctor gravida sem praesent id'),
(328, 'viverra eget congue eget semper rutrum'),
(329, 'in lacus curabitur at ipsum'),
(330, 'turpis sed ante vivamus tortor duis mattis'),
(331, 'proin interdum mauris non ligula'),
(332, 'tempus sit amet sem fusce consequat nulla nisl nunc'),
(333, 'mauris laoreet ut rhoncus aliquet'),
(334, 'sit amet nunc viverra dapibus nulla suscipit'),
(335, 'dictumst morbi vestibulum velit id pretium iaculis diam erat fermentum'),
(336, 'augue luctus tincidunt nulla mollis molestie lorem quisque ut erat'),
(337, 'mattis pulvinar nulla pede ullamcorper augue a suscipit nulla elit'),
(338, 'a ipsum integer a nibh in quis'),
(339, 'semper interdum mauris ullamcorper purus sit amet'),
(340, 'in ante vestibulum ante ipsum primis in faucibus'),
(341, 'tempus sit amet sem fusce consequat nulla'),
(342, 'ut suscipit a feugiat et eros vestibulum ac est lacinia'),
(343, 'nec nisi vulputate nonummy maecenas tincidunt'),
(344, 'orci luctus et ultrices posuere cubilia curae donec'),
(345, 'lacus curabitur at ipsum ac tellus semper interdum mauris'),
(346, 'eros suspendisse accumsan tortor quis turpis sed'),
(347, 'hac habitasse platea dictumst maecenas'),
(348, 'in sapien iaculis congue vivamus metus arcu adipiscing'),
(349, 'interdum mauris ullamcorper purus sit amet nulla quisque'),
(350, 'mauris eget massa tempor convallis'),
(351, 'est congue elementum in hac habitasse'),
(352, 'id turpis integer aliquet massa'),
(353, 'non mattis pulvinar nulla pede ullamcorper augue a suscipit'),
(354, 'ultricies eu nibh quisque id justo sit amet sapien dignissim'),
(355, 'leo pellentesque ultrices mattis odio donec vitae nisi nam ultrices'),
(356, 'odio curabitur convallis duis consequat dui nec nisi'),
(357, 'vel dapibus at diam nam tristique tortor eu'),
(358, 'aenean sit amet justo morbi ut odio cras mi pede'),
(359, 'duis faucibus accumsan odio curabitur convallis duis consequat'),
(360, 'pulvinar sed nisl nunc rhoncus dui vel sem sed'),
(361, 'consequat lectus in est risus auctor'),
(362, 'dis parturient montes nascetur ridiculus'),
(363, 'nulla sed accumsan felis ut'),
(364, 'nibh in hac habitasse platea dictumst aliquam'),
(365, 'nulla neque libero convallis eget eleifend luctus ultricies'),
(366, 'eu mi nulla ac enim in'),
(367, 'justo pellentesque viverra pede ac diam cras pellentesque'),
(368, 'pede lobortis ligula sit amet eleifend pede libero'),
(369, 'sapien a libero nam dui proin'),
(370, 'massa id lobortis convallis tortor risus dapibus augue'),
(371, 'nunc proin at turpis a'),
(372, 'quisque porta volutpat erat quisque erat eros viverra eget'),
(373, 'viverra pede ac diam cras pellentesque volutpat'),
(374, 'odio condimentum id luctus nec'),
(375, 'nulla neque libero convallis eget eleifend luctus ultricies eu nibh'),
(376, 'turpis integer aliquet massa id lobortis convallis tortor risus'),
(377, 'vestibulum sagittis sapien cum sociis'),
(378, 'enim leo rhoncus sed vestibulum sit amet'),
(379, 'augue quam sollicitudin vitae consectetuer'),
(380, 'cubilia curae duis faucibus accumsan odio curabitur convallis'),
(381, 'vivamus tortor duis mattis egestas metus aenean fermentum'),
(382, 'orci pede venenatis non sodales'),
(383, 'metus arcu adipiscing molestie hendrerit at'),
(384, 'nunc rhoncus dui vel sem sed sagittis'),
(385, 'habitasse platea dictumst morbi vestibulum velit id'),
(386, 'nulla suscipit ligula in lacus curabitur at'),
(387, 'neque libero convallis eget eleifend luctus ultricies eu nibh'),
(388, 'ac nibh fusce lacus purus aliquet at feugiat non pretium'),
(389, 'luctus et ultrices posuere cubilia'),
(390, 'dapibus at diam nam tristique'),
(391, 'sollicitudin mi sit amet lobortis'),
(392, 'aliquam erat volutpat in congue etiam justo'),
(393, 'vel enim sit amet nunc viverra dapibus'),
(394, 'non quam nec dui luctus rutrum nulla tellus in sagittis'),
(395, 'dolor sit amet consectetuer adipiscing elit proin interdum'),
(396, 'erat nulla tempus vivamus in'),
(397, 'quisque arcu libero rutrum ac lobortis'),
(398, 'in consequat ut nulla sed accumsan felis'),
(399, 'feugiat et eros vestibulum ac est'),
(400, 'amet nulla quisque arcu libero rutrum ac'),
(401, 'bibendum morbi non quam nec dui luctus rutrum nulla tellus'),
(402, 'mauris morbi non lectus aliquam sit amet diam in'),
(403, 'libero convallis eget eleifend luctus ultricies'),
(404, 'congue vivamus metus arcu adipiscing molestie'),
(405, 'nec condimentum neque sapien placerat ante nulla justo'),
(406, 'eu est congue elementum in hac habitasse platea'),
(407, 'faucibus orci luctus et ultrices posuere'),
(408, 'faucibus orci luctus et ultrices posuere cubilia curae duis faucibus'),
(409, 'lorem integer tincidunt ante vel ipsum praesent blandit lacinia erat'),
(410, 'vestibulum ac est lacinia nisi venenatis tristique fusce congue diam'),
(411, 'parturient montes nascetur ridiculus mus vivamus'),
(412, 'molestie nibh in lectus pellentesque at nulla suspendisse potenti cras'),
(413, 'platea dictumst maecenas ut massa quis augue luctus tincidunt'),
(414, 'est donec odio justo sollicitudin ut'),
(415, 'est phasellus sit amet erat nulla'),
(416, 'nibh fusce lacus purus aliquet at'),
(417, 'eu est congue elementum in hac'),
(418, 'nullam orci pede venenatis non sodales sed tincidunt eu felis'),
(419, 'nulla justo aliquam quis turpis eget elit sodales'),
(420, 'nulla ut erat id mauris vulputate elementum nullam varius'),
(421, 'rhoncus aliquet pulvinar sed nisl nunc rhoncus dui'),
(422, 'malesuada in imperdiet et commodo vulputate justo in'),
(423, 'libero quis orci nullam molestie nibh in lectus pellentesque'),
(424, 'ligula in lacus curabitur at ipsum'),
(425, 'cras pellentesque volutpat dui maecenas tristique est et tempus semper'),
(426, 'luctus et ultrices posuere cubilia curae donec pharetra magna'),
(427, 'magna vestibulum aliquet ultrices erat tortor'),
(428, 'morbi vel lectus in quam'),
(429, 'rhoncus mauris enim leo rhoncus sed vestibulum sit amet cursus'),
(430, 'justo sit amet sapien dignissim'),
(431, 'justo maecenas rhoncus aliquam lacus'),
(432, 'nec sem duis aliquam convallis nunc'),
(433, 'dapibus dolor vel est donec odio justo sollicitudin ut'),
(434, 'consectetuer adipiscing elit proin interdum'),
(435, 'accumsan felis ut at dolor quis odio consequat varius'),
(436, 'cubilia curae mauris viverra diam vitae quam suspendisse potenti'),
(437, 'erat tortor sollicitudin mi sit amet lobortis sapien sapien non'),
(438, 'quis augue luctus tincidunt nulla mollis molestie lorem quisque ut'),
(439, 'ut blandit non interdum in ante vestibulum ante ipsum primis'),
(440, 'orci luctus et ultrices posuere cubilia curae'),
(441, 'aliquam quis turpis eget elit sodales scelerisque mauris sit amet'),
(442, 'lorem vitae mattis nibh ligula nec sem duis aliquam convallis'),
(443, 'non velit donec diam neque'),
(444, 'pede justo lacinia eget tincidunt eget'),
(445, 'sagittis sapien cum sociis natoque penatibus'),
(446, 'phasellus id sapien in sapien iaculis congue vivamus metus'),
(447, 'quis turpis eget elit sodales scelerisque mauris sit'),
(448, 'morbi porttitor lorem id ligula suspendisse ornare'),
(449, 'eleifend luctus ultricies eu nibh quisque'),
(450, 'in imperdiet et commodo vulputate justo in blandit ultrices enim'),
(451, 'interdum mauris non ligula pellentesque ultrices'),
(452, 'nec sem duis aliquam convallis nunc proin at turpis a'),
(453, 'in hac habitasse platea dictumst maecenas ut massa quis'),
(454, 'lectus aliquam sit amet diam in magna'),
(455, 'pede libero quis orci nullam molestie nibh'),
(456, 'at dolor quis odio consequat varius integer ac leo pellentesque'),
(457, 'habitasse platea dictumst maecenas ut massa quis'),
(458, 'adipiscing elit proin interdum mauris non ligula pellentesque ultrices phasellus'),
(459, 'felis sed interdum venenatis turpis enim blandit mi'),
(460, 'lacus at turpis donec posuere metus vitae ipsum'),
(461, 'orci luctus et ultrices posuere cubilia curae mauris viverra'),
(462, 'mi sit amet lobortis sapien sapien'),
(463, 'id sapien in sapien iaculis'),
(464, 'fusce posuere felis sed lacus morbi sem'),
(465, 'in libero ut massa volutpat'),
(466, 'morbi vel lectus in quam fringilla'),
(467, 'consequat in consequat ut nulla sed'),
(468, 'cursus id turpis integer aliquet massa id lobortis convallis'),
(469, 'in eleifend quam a odio in hac'),
(470, 'elementum eu interdum eu tincidunt in leo maecenas pulvinar lobortis'),
(471, 'volutpat quam pede lobortis ligula sit amet eleifend'),
(472, 'lectus in quam fringilla rhoncus mauris enim leo'),
(473, 'sociis natoque penatibus et magnis dis parturient montes'),
(474, 'ut at dolor quis odio consequat varius integer ac'),
(475, 'at turpis donec posuere metus vitae ipsum'),
(476, 'hac habitasse platea dictumst aliquam augue'),
(477, 'mauris laoreet ut rhoncus aliquet'),
(478, 'ipsum primis in faucibus orci'),
(479, 'quis turpis eget elit sodales scelerisque mauris'),
(480, 'volutpat in congue etiam justo etiam pretium'),
(481, 'lobortis convallis tortor risus dapibus augue vel accumsan tellus nisi'),
(482, 'laoreet ut rhoncus aliquet pulvinar sed'),
(483, 'varius nulla facilisi cras non velit nec nisi vulputate nonummy'),
(484, 'lobortis sapien sapien non mi integer'),
(485, 'nec condimentum neque sapien placerat'),
(486, 'cursus id turpis integer aliquet massa id lobortis convallis tortor'),
(487, 'luctus et ultrices posuere cubilia curae donec pharetra'),
(488, 'sit amet eros suspendisse accumsan tortor quis turpis'),
(489, 'dapibus duis at velit eu est congue elementum in hac'),
(490, 'ultrices libero non mattis pulvinar nulla pede ullamcorper augue a'),
(491, 'orci nullam molestie nibh in lectus pellentesque at nulla'),
(492, 'posuere metus vitae ipsum aliquam non mauris morbi non lectus'),
(493, 'sapien placerat ante nulla justo aliquam quis turpis'),
(494, 'justo aliquam quis turpis eget elit'),
(495, 'nulla justo aliquam quis turpis eget elit sodales'),
(496, 'enim lorem ipsum dolor sit amet consectetuer'),
(497, 'diam id ornare imperdiet sapien urna pretium'),
(498, 'dis parturient montes nascetur ridiculus mus vivamus vestibulum'),
(499, 'lorem id ligula suspendisse ornare consequat lectus'),
(500, 'rutrum nulla nunc purus phasellus in felis');

insert into SYSTEM_USER (id_system_user, first_name, last_name, email, password, id_user_type) values (1, 'Tyson', 'Besse', 'tbesse0@aboutads.info', 'VA3hLGlp', 143),
(2, 'Tam', 'Fransewich', 'tfransewich1@who.int', 'raX9Jch', 172),
(3, 'Rosamund', 'Barcroft', 'rbarcroft2@furl.net', 'YLskgD', 156),
(4, 'Bent', 'Husher', 'bhusher3@cbc.ca', 'k4I22qmvy', 462),
(5, 'Averell', 'Alliot', 'aalliot4@opensource.org', '0DtH1nK1G', 287),
(6, 'Aurora', 'Hannabus', 'ahannabus5@uiuc.edu', 'U0H0CPUNLv6', 337),
(7, 'Somerset', 'Fairlamb', 'sfairlamb6@webnode.com', 'gmsBTHSScu', 249),
(8, 'Victor', 'Maughan', 'vmaughan7@bloglovin.com', 'AJOQWDFbrW', 231),
(9, 'Coletta', 'Winkless', 'cwinkless8@narod.ru', 'uTYSXVFT0Z', 229),
(10, 'Carce', 'Petracco', 'cpetracco9@flickr.com', 'YNm8BEVusX0', 51),
(11, 'Kaitlynn', 'Burburough', 'kburburougha@umn.edu', 'Cy2RQTqwtYxU', 406),
(12, 'Dix', 'Randle', 'drandleb@rambler.ru', 'tZcDilfSEFD', 408),
(13, 'Sisile', 'Eminson', 'seminsonc@latimes.com', '5FPFX0yV9', 103),
(14, 'Osbert', 'Worthington', 'oworthingtond@google.es', 'lhOFHm7', 243),
(15, 'Ole', 'Maykin', 'omaykine@stanford.edu', 'kwmTrUxhZ', 155),
(16, 'Gilemette', 'Collough', 'gcolloughf@wikia.com', '4q6zWBEG', 161),
(17, 'Pavia', 'Blaxill', 'pblaxillg@nydailynews.com', 'I5qkMX', 265),
(18, 'Othilie', 'Rumbold', 'orumboldh@netscape.com', 'bY9KPEipwW', 30),
(19, 'Ashely', 'Johnes', 'ajohnesi@t.co', '9NUayrKPasa5', 481),
(20, 'Barbaraanne', 'Braznell', 'bbraznellj@va.gov', '1nOmZNr', 156),
(21, 'Hilde', 'Matresse', 'hmatressek@ifeng.com', 'ExVLH6EtI', 433),
(22, 'Maire', 'McKinnon', 'mmckinnonl@tuttocitta.it', 'Fjt2nv9', 114),
(23, 'Orelia', 'Dabernott', 'odabernottm@amazon.com', 'EHdzPqg7M', 332),
(24, 'Brook', 'Binnes', 'bbinnesn@bluehost.com', 'cnrPsdt', 487),
(25, 'Heath', 'Dargan', 'hdargano@ucsd.edu', 'dhKAxKe9K', 308),
(26, 'Adeline', 'Bartell', 'abartellp@mysql.com', 'qhfl0s', 262),
(27, 'Rockie', 'Dibling', 'rdiblingq@jugem.jp', 'b6SpjCCF', 355),
(28, 'Humfrey', 'Tibalt', 'htibaltr@si.edu', 'v6fzPN7poiXe', 414),
(29, 'Kerri', 'Vann', 'kvanns@geocities.com', 'wTPs4rXs5', 492),
(30, 'Jecho', 'Peperell', 'jpeperellt@admin.ch', 'TG0REM0MjHa', 372),
(31, 'Trisha', 'Blaymires', 'tblaymiresu@cam.ac.uk', 'moHrWiYGMj', 90),
(32, 'Cathe', 'Sinnott', 'csinnottv@upenn.edu', 'TaIcagCkVMKC', 449),
(33, 'Gaspar', 'Westwood', 'gwestwoodw@ftc.gov', 'tPswICMhWUv', 130),
(34, 'Candace', 'Willshear', 'cwillshearx@npr.org', 'fz2IGd7', 175),
(35, 'Ignazio', 'Ellings', 'iellingsy@wix.com', 'XrCQaa1j4', 121),
(36, 'Gratiana', 'Skippings', 'gskippingsz@naver.com', 'GiScqt', 237),
(37, 'Franny', 'Agott', 'fagott10@imageshack.us', 'uh3Z8K1vJ', 140),
(38, 'Hulda', 'MacScherie', 'hmacscherie11@rediff.com', '1N6wrFpPA67P', 110),
(39, 'Edmund', 'Willingale', 'ewillingale12@godaddy.com', '8rwR3feLJtGR', 450),
(40, 'Kore', 'Jaan', 'kjaan13@java.com', 'VY1DrxonRf', 15),
(41, 'Demetri', 'Willingam', 'dwillingam14@1688.com', 'OhBf10UgYJad', 149),
(42, 'Willamina', 'Hook', 'whook15@dailymotion.com', '0RsG1Se3MS', 404),
(43, 'Randolph', 'Bedson', 'rbedson16@yahoo.com', 'MNmSLNqy', 235),
(44, 'Marten', 'Coverlyn', 'mcoverlyn17@phpbb.com', 'oyRaxpa', 279),
(45, 'Jeffry', 'Carbine', 'jcarbine18@stanford.edu', 'gkNs2G', 245),
(46, 'Rochell', 'McKie', 'rmckie19@vistaprint.com', 'uvWnkfs0ki', 482),
(47, 'Shelden', 'Maddinon', 'smaddinon1a@icq.com', 'fCgtzRR', 208),
(48, 'Vitia', 'Staggs', 'vstaggs1b@artisteer.com', 'w0MCuE5e', 73),
(49, 'Deb', 'Cousen', 'dcousen1c@hugedomains.com', 'xdoTeEaIzaqj', 69),
(50, 'Myranda', 'D''Agostini', 'mdagostini1d@cpanel.net', 'oNJw03W9c1sX', 74),
(51, 'Lazar', 'Richarson', 'lricharson1e@parallels.com', 'X4fsqj', 365),
(52, 'Nita', 'Alekseev', 'nalekseev1f@about.com', 'B3iqJKV4q', 352),
(53, 'Kalil', 'Cockin', 'kcockin1g@lycos.com', 'zL8JxhuzF4K', 239),
(54, 'Veronica', 'Stanner', 'vstanner1h@businessweek.com', 'Qx4dTNHppl', 169),
(55, 'Emmye', 'Wretham', 'ewretham1i@csmonitor.com', 'j6wQrQ', 217),
(56, 'Gillie', 'O'' Finan', 'gofinan1j@list-manage.com', 'FwAEbIYVue1', 334),
(57, 'Annamaria', 'Wasbey', 'awasbey1k@bravesites.com', 'UEt0pF2', 420),
(58, 'Shandie', 'Chisholme', 'schisholme1l@nsw.gov.au', 'QKH936', 242),
(59, 'Alameda', 'Ludlow', 'aludlow1m@bandcamp.com', '3PoZAvgA5E', 296),
(60, 'Augie', 'Littlecote', 'alittlecote1n@google.com.au', 'tT8oVzrN9', 234),
(61, 'Rowan', 'Headingham', 'rheadingham1o@vistaprint.com', 'Qp2u3jn', 308),
(62, 'Naomi', 'Skells', 'nskells1p@barnesandnoble.com', 'HOeWWmTfK9u', 55),
(63, 'Leonard', 'Rableau', 'lrableau1q@illinois.edu', 'ogjNpL', 133),
(64, 'Orson', 'Buddell', 'obuddell1r@imgur.com', 'En3D4AdEuPD', 328),
(65, 'Lorinda', 'Leverton', 'lleverton1s@fema.gov', 'E2Ng65rTuYxd', 464),
(66, 'Lorilyn', 'Gallety', 'lgallety1t@nydailynews.com', 'SNIaH9', 381),
(67, 'Charline', 'Quinevan', 'cquinevan1u@weebly.com', '2fJiNi385W', 389),
(68, 'Brandyn', 'Brittan', 'bbrittan1v@myspace.com', 'tDkLA4cFY', 86),
(69, 'Boot', 'Freemantle', 'bfreemantle1w@last.fm', 'vikApH', 152),
(70, 'Ewan', 'Badrock', 'ebadrock1x@themeforest.net', 'FGGIfzkEku', 162),
(71, 'Reinaldos', 'La Grange', 'rlagrange1y@geocities.com', 'kwRTFzRi3lc9', 416),
(72, 'Robinet', 'Ilieve', 'rilieve1z@springer.com', 'LbRYI565K7e', 52),
(73, 'Lorilee', 'Thackray', 'lthackray20@ucoz.com', 'Wm1rYZj6t', 490),
(74, 'Leo', 'Corneliussen', 'lcorneliussen21@nifty.com', '7WqLr6T', 113),
(75, 'Kingsly', 'MacDearmont', 'kmacdearmont22@ehow.com', 'T25PT0', 419),
(76, 'Aldric', 'Hastewell', 'ahastewell23@goo.ne.jp', '687Txd', 113),
(77, 'Reggy', 'Klehyn', 'rklehyn24@spiegel.de', 'z9ntqwj', 293),
(78, 'Royce', 'Itzik', 'ritzik25@home.pl', 'yiNuqkh2E6W', 199),
(79, 'Emanuele', 'Barltrop', 'ebarltrop26@netscape.com', 'y3aygu', 379),
(80, 'Gawen', 'Quinion', 'gquinion27@marriott.com', 'U0SPw4wTDo', 78),
(81, 'Dot', 'Orta', 'dorta28@msu.edu', 'UK9rEHy2JT4', 347),
(82, 'Bonni', 'Priscott', 'bpriscott29@imageshack.us', '3XozxG', 390),
(83, 'Farley', 'Wix', 'fwix2a@house.gov', 'EozmU3', 302),
(84, 'Josepha', 'Merry', 'jmerry2b@cbsnews.com', 'M3XglYA', 268),
(85, 'Adriane', 'O''Noulane', 'aonoulane2c@hexun.com', 'hduZrV2tRl', 485),
(86, 'Jan', 'MacKnockiter', 'jmacknockiter2d@google.pl', 'GwKU9e3b5uq', 367),
(87, 'Jorrie', 'Antonsson', 'jantonsson2e@nasa.gov', 'YrXlyAxQfF', 385),
(88, 'Wakefield', 'Holah', 'wholah2f@ebay.co.uk', 'm6XouwnS', 85),
(89, 'Rafa', 'Egle', 'regle2g@yolasite.com', 'FAqjoL', 443),
(90, 'Arney', 'Gateshill', 'agateshill2h@bing.com', 'ik1XZUTkC4Q8', 211),
(91, 'Corrinne', 'Orniz', 'corniz2i@usnews.com', 'UrBCpK', 202),
(92, 'Dayle', 'Tettley', 'dtettley2j@china.com.cn', 'YRVztEI', 349),
(93, 'Lionel', 'Gallardo', 'lgallardo2k@nih.gov', 'ZjsnyT', 98),
(94, 'Les', 'Salmond', 'lsalmond2l@cbc.ca', 'Cutkz7bCe', 360),
(95, 'Constanta', 'Shipperbottom', 'cshipperbottom2m@eepurl.com', 'kRByt6', 82),
(96, 'Ingeberg', 'Verne', 'iverne2n@flickr.com', 'ZoIdUDxR', 305),
(97, 'Pollyanna', 'Colbeck', 'pcolbeck2o@nps.gov', 'XNqtymvO', 237),
(98, 'Neville', 'Schuricht', 'nschuricht2p@delicious.com', 'w4NuuNGsQdk', 222),
(99, 'Tedmund', 'Tapley', 'ttapley2q@oakley.com', '8zcvkUbZ3ZGZ', 333),
(100, 'Leela', 'Grishin', 'lgrishin2r@si.edu', 'Pcw3936fx8Qy', 93),
(101, 'Josiah', 'Duke', 'jduke2s@odnoklassniki.ru', 'ks7LKeFUly5n', 301),
(102, 'Phip', 'Dickerson', 'pdickerson2t@arstechnica.com', 'DfqwcKo', 427),
(103, 'Lorianna', 'McGiffin', 'lmcgiffin2u@nps.gov', 'eO0TjqDP', 57),
(104, 'Rowena', 'Pappi', 'rpappi2v@addtoany.com', 'LN9BjHypNUy', 337),
(105, 'Adelheid', 'Cowcha', 'acowcha2w@prnewswire.com', 'eiEOZmqOPg3', 160),
(106, 'Andreana', 'Dolby', 'adolby2x@pbs.org', 'Y869CX3e0U0d', 199),
(107, 'Joan', 'Alkins', 'jalkins2y@squidoo.com', 'X29Gfm', 291),
(108, 'Chloris', 'Hugnin', 'chugnin2z@tripadvisor.com', 'o5i3kj', 325),
(109, 'Larisa', 'Robak', 'lrobak30@csmonitor.com', '1j3WX2ucun', 367),
(110, 'Florella', 'Todaro', 'ftodaro31@adobe.com', 'GAkgqMn', 93),
(111, 'Lucas', 'Swetenham', 'lswetenham32@cafepress.com', '4zx7UwVU', 132),
(112, 'Bliss', 'Tirkin', 'btirkin33@samsung.com', '96XBC6RAp8', 405),
(113, 'Ugo', 'De Caville', 'udecaville34@geocities.jp', 'v6MQef', 289),
(114, 'Kelcey', 'Wakeford', 'kwakeford35@berkeley.edu', 'y57Z7UoJ', 386),
(115, 'Estella', 'Finney', 'efinney36@amazonaws.com', 'F2Zs4hDDn5SE', 376),
(116, 'Aldwin', 'Rootes', 'arootes37@narod.ru', 'y2VYinIG8m', 206),
(117, 'Rudiger', 'Knevit', 'rknevit38@vkontakte.ru', 'lZiEyz', 74),
(118, 'Cherie', 'Drysdell', 'cdrysdell39@photobucket.com', 'XnzF6o', 250),
(119, 'Nevin', 'Adamthwaite', 'nadam@elegantthemes.com', '5jeuUlYtJp', 87),
(120, 'Arney', 'Solway', 'asolway3b@techcrunch.com', 'OFwBhFamAdT', 129),
(121, 'Ernie', 'Posner', 'eposner3c@ed.gov', '4retXIs', 152),
(122, 'Othelia', 'Nisen', 'onisen3d@hugedomains.com', 'bZBnuqj', 474),
(123, 'Roseanne', 'Janowicz', 'rjanowicz3e@upenn.edu', 'Yltcvi', 332),
(124, 'Stephenie', 'Agett', 'sagett3f@nasa.gov', '3SBSIILbR', 205),
(125, 'Persis', 'Siddell', 'psiddell3g@irs.gov', 'HbcnAylW5rP', 166),
(126, 'Benedikt', 'Richfield', 'brichfield3h@wunderground.com', 'Yllq6SJLk8n', 32),
(127, 'Jedd', 'Shaddick', 'jshaddick3i@cdbaby.com', 'xbhP5QBmeQJL', 217),
(128, 'Jehu', 'Schurcke', 'jschurcke3j@printfriendly.com', 'olumfZMTByp', 486),
(129, 'Denny', 'Hoble', 'dhoble3k@google.com.hk', 'frAlzhBj0t', 202),
(130, 'Ginelle', 'Solly', 'gsolly3l@economist.com', 'og10T8p3QXb', 170),
(131, 'Sidnee', 'Bridgens', 'sbridgens3m@ehow.com', 'N7siAxEd', 39),
(132, 'Joete', 'Wray', 'jwray3n@fc2.com', 'V0caEm2uGO3v', 150),
(133, 'Roxi', 'Effaunt', 'reffaunt3o@cdbaby.com', 'oExLMPcaTF8', 245),
(134, 'Myer', 'Splevins', 'msplevins3p@seattletimes.com', '51VTES', 469),
(135, 'Lemar', 'Dahlback', 'ldahlback3q@tuttocitta.it', 'c85tjy7JF', 103),
(136, 'Howie', 'Diche', 'hdiche3r@desdev.cn', 'B21wcrZxAl', 456),
(137, 'Maddalena', 'Maclaine', 'mmaclaine3s@columbia.edu', 'GqwYnHm6Sab', 267),
(138, 'Roxana', 'Mara', 'rmara3t@skyrock.com', 'NdzeEszs9m7', 30),
(139, 'Leslie', 'Rosewarne', 'lrosewarne3u@businessweek.com', 'fU7EfjDx7S', 52),
(140, 'Vivi', 'Novelli', 'vnovelli3v@joomla.org', 'nENselN', 396),
(141, 'Burch', 'Mustin', 'bmustin3w@patch.com', 'sRKfhQ0O2htd', 157),
(142, 'Hally', 'Kruse', 'hkruse3x@ucoz.ru', 'QmT9oqFnV', 37),
(143, 'Bartolomeo', 'Warrack', 'bwarrack3y@ted.com', 'ktvatKBSZrY', 318),
(144, 'Davida', 'Hearl', 'dhearl3z@slideshare.net', 'QvTX2UPx', 99),
(145, 'Silvia', 'Trenam', 'strenam40@patch.com', 'DwMfLGjK', 220),
(146, 'Silvio', 'Godsell', 'sgodsell41@apache.org', 'Fr0TXa', 459),
(147, 'Seumas', 'Bugdall', 'sbugdall42@upenn.edu', 'blXUy1lGSKwh', 210),
(148, 'Bradford', 'Pietrzyk', 'bpietrzyk43@tuttocitta.it', 'P7Euo2', 42),
(149, 'Alikee', 'McMorran', 'amcmorran44@geocities.com', 'qQmHAD', 472),
(150, 'Alicia', 'Tickel', 'atickel45@dailymail.co.uk', 'e2xdlUI', 270),
(151, 'Marmaduke', 'Buckham', 'mbuckham46@slate.com', 'UAvJei', 363),
(152, 'Nicolai', 'Sprowles', 'nsprowles47@chronoengine.com', 'SpVPca', 376),
(153, 'Kean', 'Cleef', 'kcleef48@1688.com', 'Kq4rkD6Yx4', 63),
(154, 'Arlie', 'Tyrrell', 'atyrrell49@apple.com', '9R3gJVZ3aNY', 490),
(155, 'Karylin', 'Alldre', 'kalldre4a@tripadvisor.com', '0fdLmcg2fyA', 156),
(156, 'Eberto', 'Adrienne', 'eadrienne4b@oracle.com', '0hL3LQsKqimv', 392),
(157, 'Walt', 'Pavis', 'wpavis4c@blogs.com', 'KncXGpU', 89),
(158, 'Durant', 'Sesser', 'dsesser4d@bluehost.com', '63H2oK8tW6', 268),
(159, 'Waring', 'Creeber', 'wcreeber4e@about.me', 'kNW4GUAzgafN', 421),
(160, 'Mallissa', 'Cardello', 'mcardello4f@netscape.com', 'ezi45ClZmi', 13),
(161, 'Langston', 'Godden', 'lgodden4g@meetup.com', 'Xfdkk18I', 178),
(162, 'Flo', 'Johannes', 'fjohannes4h@google.es', 'nKdLXxLbUAb', 467),
(163, 'Edita', 'Mayfield', 'emayfield4i@google.ca', 'w3gxaA1NO', 174),
(164, 'Joshua', 'Boulder', 'jboulder4j@dell.com', 'OWzZOBUuyH', 416),
(165, 'Denver', 'Yurenev', 'dyurenev4k@hhs.gov', 'YT5lUCczfP', 25),
(166, 'Marjorie', 'Warr', 'mwarr4l@rambler.ru', 'nwhDk5m4Kefa', 481),
(167, 'Sam', 'Skocroft', 'sskocroft4m@cafepress.com', 'T0plF0JcGmnA', 266),
(168, 'Francyne', 'Yanov', 'fyanov4n@state.gov', 'yo5mfuZfl', 406),
(169, 'Ellynn', 'Jobe', 'ejobe4o@wikipedia.org', 'T1IIqus', 485),
(170, 'Lotty', 'Linham', 'llinham4p@dot.gov', 'mOsVre', 451),
(171, 'Gillie', 'Wauchope', 'gwauchope4q@discovery.com', 'Ez3dN9M6d1', 148),
(172, 'Kacie', 'Wyd', 'kwyd4r@slashdot.org', 'gfRGnsBLv0', 216),
(173, 'Kirk', 'Tows', 'ktows4s@shop-pro.jp', 'Lf3uZn9Kn1Q', 171),
(174, 'Edsel', 'Glason', 'eglason4t@photobucket.com', 'N8Yxy5PZin', 498),
(175, 'Tadeo', 'Rediers', 'trediers4u@usnews.com', 'rnVSH5YyCwQ', 329),
(176, 'Madelina', 'Kopps', 'mkopps4v@imgur.com', 'bNo0x3I', 189),
(177, 'Rita', 'Solomon', 'rsolomon4w@phpbb.com', 'l9Wsxsf', 128),
(178, 'Ludovika', 'Cesco', 'lcesco4x@unc.edu', 'VFmmxVrOtsy', 465),
(179, 'Eberhard', 'Aldiss', 'ealdiss4y@infoseek.co.jp', 'KggoFp', 49),
(180, 'Karlik', 'Strongman', 'kstrongman4z@networ.org', 'VJjNns5w1', 134),
(181, 'Marlin', 'Gorden', 'mgorden50@narod.ru', 'JHBwyOiHG', 124),
(182, 'Sandy', 'Grimestone', 'sgrimestone51@unicef.org', 'AnEcYy9tVay', 140),
(183, 'Wanda', 'Kenrat', 'wkenrat52@pbs.org', 'rJ68C01', 404),
(184, 'Webster', 'Spivey', 'wspivey53@phpbb.com', 'XAtwCjNlQp', 281),
(185, 'Melissa', 'Shermore', 'mshermore54@forbes.com', 'rk0IbPClN', 348),
(186, 'Langston', 'Ivanyushkin', 'livanyushkin55@phpbb.com', 'GbgjTg', 412),
(187, 'Maryrose', 'Stolting', 'mstolting56@cocolog-nifty.com', 'GDWtPk2', 394),
(188, 'Carlin', 'Axelbee', 'caxelbee57@usatoday.com', 'dxLRHBMdRM', 192),
(189, 'Enos', 'Landall', 'elandall58@ca.gov', '0rupHC5', 13),
(190, 'Joceline', 'Suffield', 'jsuffield59@smh.com.au', 't0UJzXCXrctn', 350),
(191, 'Daisie', 'Ettels', 'dettels5a@google.co.jp', '24USYtWE5Nu', 108),
(192, 'Fremont', 'McArtan', 'fmcartan5b@pbs.org', 'x8Lkrt1Lf3y', 436),
(193, 'Cristi', 'Aldrich', 'caldrich5c@yelp.com', '85YQuJ5emi', 209),
(194, 'Demetrius', 'Jennions', 'djennions5d@bizjournals.com', 'hJcXplRGI', 76),
(195, 'Michel', 'Cloy', 'mcloy5e@hao123.com', 'DQ7rjGGgKwTM', 491),
(196, 'Kerianne', 'Michelle', 'kmichelle5f@mediafire.com', 'xznQv0roFjwe', 380),
(197, 'Hollie', 'De Avenell', 'hdeavenell5g@w3.org', 'g9M7HF4X', 479),
(198, 'Sheelah', 'Longstaff', 'slongstaff5h@contact.com', 'SaQNV2rUE4f0', 197),
(199, 'Wyatt', 'Theaker', 'wtheaker5i@mapquest.com', 'NAnim5Fy', 304),
(200, 'Coretta', 'Boick', 'cboick5j@ehow.com', 'sOiS8xyGfKW', 13),
(201, 'Augy', 'Foch', 'afoch5k@china.com.cn', 'ec3pUaGtiT', 383),
(202, 'Dru', 'Jagiela', 'djagiela5l@earthlink.net', '9gbv59iUd', 443),
(203, 'Jaine', 'Pizer', 'jpizer5m@blogs.com', 'wWBLhaf1', 125),
(204, 'Bette-ann', 'Chasier', 'bchasier5n@typepad.com', 'rmkzufHLe', 213),
(205, 'Nero', 'Stansby', 'nstansby5o@wsj.com', 'DuNmarKyLkp', 159),
(206, 'Mace', 'Mattam', 'mmattam5p@miitbeian.gov.cn', 'yHTsPQydK', 97),
(207, 'Nikolos', 'Henrion', 'nhenrion5q@drupal.org', '2aRoIW', 313),
(208, 'Britteny', 'Lantaff', 'blantaff5r@economist.com', 'h5V0828RXrPf', 69),
(209, 'Ewell', 'Askell', 'easkell5s@google.cn', 'AyrRKOYNiR', 45),
(210, 'Garrott', 'De Meyer', 'gdemeyer5t@hc360.com', 'M7LL4nyWz', 409),
(211, 'Lem', 'Garaghan', 'lgaraghan5u@home.pl', '9ZUMsgF5R5', 200),
(212, 'Rinaldo', 'Reinert', 'rreinert5v@a8.net', 'qPhUQEW', 7),
(213, 'Charmine', 'D''Aeth', 'cdaeth5w@wisc.edu', 'fao0qorOBL9G', 341),
(214, 'Brooke', 'Muscroft', 'bmuscroft5x@craigslist.org', 'SB4cbn0y', 229),
(215, 'Margarette', 'Randlesome', 'mrandlesome5y@blogspot.com', 'mCxXn9N', 241),
(216, 'Giffer', 'Badcock', 'gbadcock5z@netscape.com', 'hjIomMe07k', 260),
(217, 'Lindsey', 'Scaddon', 'lscaddon60@pages.fr', 'hfb1PpGHnap', 228),
(218, 'Joanna', 'Murtagh', 'jmurtagh61@accuweather.com', 'NCAXqJ5c', 458),
(219, 'Michael', 'Berling', 'mberling62@harvard.edu', 'JBTsjSb', 325),
(220, 'Lanie', 'Barkes', 'lbarkes63@myspace.com', 'fc5QiGfq', 150),
(221, 'Yelena', 'Garling', 'ygarling64@ebay.com', 'dH5mxu3n89', 322),
(222, 'Erick', 'Gofforth', 'egofforth65@wordpress.com', 'Sn84CJy', 124),
(223, 'Pearce', 'Nurdin', 'pnurdin66@spotify.com', 'HSGaSM', 446),
(224, 'Desirae', 'Rauprich', 'drauprich67@google.cn', 'ahnGt4go4CN', 437),
(225, 'Upton', 'Capoun', 'ucapoun68@goo.ne.jp', 'HDkUCaHzA', 451),
(226, 'Ivie', 'Whatmough', 'iwhatmough69@sfgate.com', 'AdR1cV', 35),
(227, 'Lincoln', 'Stretton', 'lstretton6a@auda.org.au', 'lZLlx7CtkRQo', 294),
(228, 'Regen', 'Friedenbach', 'rfriedenbach6b@reuters.com', 'vOUj1YtE', 344),
(229, 'Egan', 'McMaster', 'emcmaster6c@google.com.au', '2AgtdmYuBn3', 82),
(230, 'Craggie', 'Swenson', 'cswenson6d@chicagotribune.com', 'GQvViISeH5Z', 61),
(231, 'Aprilette', 'McVane', 'amcvane6e@skype.com', '6FKQkvu1', 22),
(232, 'Wat', 'Pembridge', 'wpembridge6f@aol.com', '99JUSi', 151),
(233, 'Carree', 'Gorry', 'cgorry6g@surveymonkey.com', 'aKcO6810r', 499),
(234, 'Daren', 'Oxbrow', 'doxbrow6h@sogou.com', 'PCldxvOXp', 129),
(235, 'Brennan', 'Lordon', 'blordon6i@photobucket.com', 'ia6UDPBva', 362),
(236, 'Darnell', 'Gallehock', 'dgallehock6j@narod.ru', '9BD3MyLWk3', 415),
(237, 'Franchot', 'Fawloe', 'ffawloe6k@alibaba.com', 'EzIiwl7yU', 327),
(238, 'Tamiko', 'Sollett', 'tsollett6l@wsj.com', '35UaHb', 302),
(239, 'Clayson', 'Richards', 'crichards6m@vertising.org', '6sxpiwREMGy', 142),
(240, 'Donny', 'Edgeson', 'dedgeson6n@friendfeed.com', 'qyZ7Jh', 13),
(241, 'Meggie', 'Greenhalf', 'mgreenhalf6o@hexun.com', '9IN7LS', 343),
(242, 'Livvyy', 'Abbate', 'labbate6p@plala.or.jp', 'ZQEEHpN8itH', 457),
(243, 'Ambrosio', 'Robottham', 'arobottham6q@indiegogo.com', 'oTAjzSpYH533', 108),
(244, 'Cosette', 'Rouse', 'crouse6r@theglobeandmail.com', 'bjg3f6BkVa', 66),
(245, 'Dalenna', 'De Michetti', 'ddemichetti6s@wikispaces.com', 'CgcPWg', 38),
(246, 'Joshia', 'Covil', 'jcovil6t@naver.com', '6od6IG', 126),
(247, 'Bucky', 'Geaveny', 'bgeaveny6u@shutterfly.com', 'pQa6vu', 422),
(248, 'Rayshell', 'Adamowitz', 'radamowitz6v@ocn.ne.jp', '7ybWJjV8M', 475),
(249, 'Nelli', 'Hercules', 'nhercules6w@google.ca', 'QJxCw9jfsjqh', 131),
(250, 'Aridatha', 'Marquez', 'amarquez6x@linkedin.com', 'kmorXn5GZ', 54),
(251, 'Karlis', 'Hembrow', 'khembrow6y@princeton.edu', 'DmfU0VKTrPU', 179),
(252, 'Alexio', 'Ruddell', 'aruddell6z@amazon.co.jp', 'fLSxHd97o7I5', 437),
(253, 'Ferrell', 'Jzak', 'fjzak70@tripadvisor.com', 'DUdWhj', 220),
(254, 'Kevina', 'Coltart', 'kcoltart71@wufoo.com', 'VSeNPSRg', 216),
(255, 'Tybi', 'Lamplugh', 'tlamplugh72@xrea.com', 'K80t7De', 131),
(256, 'Tore', 'Ayres', 'tayres73@nymag.com', '0PqAOjJUlc', 354),
(257, 'Edi', 'Pawnsford', 'epawnsford74@istockphoto.com', 'hqpnW62qFAZ', 232),
(258, 'Flint', 'Barosch', 'fbarosch75@illinois.edu', '4hPem7inf', 482),
(259, 'Whit', 'Boxhill', 'wboxhill76@yahoo.co.jp', 'd3qky8TilB', 425),
(260, 'Tully', 'Gotcliff', 'tgotcliff77@msn.com', '148qgf', 274),
(261, 'Quinlan', 'Rickarsey', 'qrickarsey78@cyberchimps.com', 'kMGTMmNqs8', 251),
(262, 'Koren', 'Minchella', 'kminchella79@163.com', 'snp3rr', 95),
(263, 'Augy', 'Petett', 'apetett7a@histats.com', 'dZn1NB', 336),
(264, 'Lorine', 'Frere', 'lfrere7b@liveinternet.ru', '87k86ircJ', 70),
(265, 'Celia', 'Capoun', 'ccapoun7c@amazonaws.com', 'j3niNDUGI2', 201),
(266, 'Maye', 'Cerman', 'mcerman7d@deviantart.com', 'Cl8OEuIOd', 421),
(267, 'Zacharia', 'Birtchnell', 'zbirtchnell7e@aol.com', 'DwNGaVYJQ', 163),
(268, 'Kasey', 'Yates', 'kyates7f@livejournal.com', 'Vzyv0afsty9', 181),
(269, 'Gene', 'Gratten', 'ggratten7g@epa.gov', 'FTE3jK', 333),
(270, 'Juana', 'Adamolli', 'jadamolli7h@topsy.com', '5UxtMO', 428),
(271, 'Maisie', 'Mattingley', 'mmattingley7i@infoseek.co.jp', 'Jqs1YxX5v', 100),
(272, 'Goldia', 'Hearnes', 'ghearnes7j@tuttocitta.it', 'Ki5BWf6I7P', 85),
(273, 'Deina', 'MacWhan', 'dmacwhan7k@bloglines.com', 'rboXOf45', 399),
(274, 'Nathan', 'Poxson', 'npoxson7l@redcross.org', 'JpJLqAJrYHg', 224),
(275, 'Errick', 'Pedracci', 'epedracci7m@archive.org', '5mkEynf0f', 199),
(276, 'Vanya', 'Coleby', 'vcoleby7n@nature.com', 'WQJXSZ', 98),
(277, 'Freddy', 'Degoy', 'fdegoy7o@google.cn', '3DiCWO', 120),
(278, 'Korie', 'Stonner', 'kstonner7p@qq.com', 'rOCK2NwOh6G7', 305),
(279, 'Tynan', 'MacArthur', 'tmacarthur7q@wiley.com', '0CLOfPv', 499),
(280, 'Miran', 'Bails', 'mbails7r@weather.com', 'z5tAbFXxlbG', 185),
(281, 'Vidovik', 'Pearcehouse', 'vpearcehouse7s@market.com', 'gfodkxBjz', 434),
(282, 'Urbain', 'Mauger', 'umauger7t@wiley.com', '1OoPv58oTt', 276),
(283, 'Marthena', 'Breinlein', 'mbreinlein7u@squarespace.com', 'Dtf5ZqN8W', 65),
(284, 'Talbot', 'Rykert', 'trykert7v@shop-pro.jp', '3pOX8L', 324),
(285, 'Lila', 'Goaks', 'lgoaks7w@flickr.com', '3zZR00wy4B', 342),
(286, 'Rey', 'Bilbrooke', 'rbilbrooke7x@wikispaces.com', 'mQxGei5Q3gWc', 157),
(287, 'Gerardo', 'Huggan', 'ghuggan7y@yellowpages.com', 'pbBPchMUl', 299),
(288, 'Jordain', 'Bernardeschi', 'jbernardeschi7z@ft.com', 'wFJkdqqro', 99),
(289, 'Madeleine', 'Waddilove', 'mwaddilove80@wordpress.org', 'wexRwn', 192),
(290, 'Basilio', 'Bowcock', 'bbowcock81@yahoo.com', 's1SPNZB2d', 437),
(291, 'Berk', 'Hindmore', 'bhindmore82@addthis.com', 'YDCTby2zCq8N', 348),
(292, 'Mordy', 'Vickarman', 'mvickarman83@reference.com', 'EV4stvNO', 274),
(293, 'Micah', 'St. John', 'mstjohn84@nasa.gov', 'lpolje9zX8o', 191),
(294, 'Meagan', 'Tonnesen', 'mtonnesen85@howstuffworks.com', 'XuDlIns', 211),
(295, 'Dick', 'Spellissy', 'dspellissy86@ocn.ne.jp', 'b6ddb9kae', 132),
(296, 'Giacopo', 'Vaen', 'gvaen87@rakuten.co.jp', 'lfH2Icrb', 195),
(297, 'Jacob', 'Bolmann', 'jbolmann88@google.com.br', 'Uhxg9Sb0mgG', 291),
(298, 'Ronnie', 'Thornewill', 'rthornewill89@paypal.com', 'VZ3EEFhkPhFG', 428),
(299, 'Cordy', 'Judge', 'cjudge8a@upenn.edu', 'REwBLAKW2', 122),
(300, 'Crissie', 'Dyers', 'cdyers8b@rakuten.co.jp', '2UNXPXJ5tWm8', 449),
(301, 'Haroun', 'McConnel', 'hmcconnel8c@ocn.ne.jp', 'QDvfW0IqLhk', 201),
(302, 'Syman', 'Wintour', 'swintour8d@uiuc.edu', '4RzWXlUeGs', 150),
(303, 'Annie', 'Gellately', 'agellately8e@prnewswire.com', 'wO7p4bPBHM8', 116),
(304, 'Simeon', 'Liddall', 'sliddall8f@hatena.ne.jp', 'XyDFScfP', 205),
(305, 'Barbra', 'Talbot', 'btalbot8g@howstuffworks.com', 'zW2fxfm', 43),
(306, 'Romona', 'Grahlman', 'rgrahlman8h@scientific.com', '7GIv2cLgB', 220),
(307, 'Margie', 'Hylands', 'mhylands8i@360.cn', 'vnsOEFP', 270),
(308, 'Christie', 'Farman', 'cfarman8j@aboutads.info', '9g46zSUZ7UEg', 158),
(309, 'Paula', 'Simes', 'psimes8k@cnet.com', 'bSoC0u7un4Ns', 195),
(310, 'Reuben', 'Grombridge', 'rgrombridge8l@flickr.com', 'kVu7uGab9', 381),
(311, 'Buddie', 'Cafferty', 'bcafferty8m@hostgator.com', 'YAG7p7wLO', 212),
(312, 'Roz', 'Schruyer', 'rschruyer8n@answers.com', 'jeKjicwEPdB', 187),
(313, 'Garrott', 'Basindale', 'gbasindale8o@senate.gov', 'SCdXnhyc38', 246),
(314, 'Mala', 'Dwyer', 'mdwyer8p@ehow.com', 'Itxh2fB4Qh', 105),
(315, 'Jordana', 'Youngman', 'jyoungman8q@jimdo.com', '7bGND9eidP6R', 313),
(316, 'My', 'McCallion', 'mmccallion8r@dagondesign.com', 'VRGgHmv', 66),
(317, 'Frieda', 'Lambersen', 'flambersen8s@123-reg.co.uk', '1JtcReOzi', 33),
(318, 'Che', 'McWhirter', 'cmcwhirter8t@usgs.gov', 'HQraEMMBjR', 399),
(319, 'Theobald', 'Simmons', 'tsimmons8u@blogtalkradio.com', '8HJ57Bk8iMl', 36),
(320, 'Carlin', 'Camillo', 'ccamillo8v@soup.io', 'HAaSbTk', 91),
(321, 'Kare', 'Doohey', 'kdoohey8w@sphinn.com', '7gsfl0vgYlB', 31),
(322, 'Norine', 'Gason', 'ngason8x@tinyurl.com', 'DJpwtiZxZv3K', 267),
(323, 'Jakie', 'Surmon', 'jsurmon8y@exblog.jp', 'ljcLSt', 169),
(324, 'Corey', 'Dix', 'cdix8z@netvibes.com', 'mYNIMbG', 190),
(325, 'Ardelis', 'Dinnis', 'adinnis90@behance.net', 'tI4C8P2CrFZe', 123),
(326, 'Kalinda', 'Potteril', 'kpotteril91@hugedomains.com', 'gMDpWn', 116),
(327, 'Calida', 'Esom', 'cesom92@unblog.fr', 'db66SEMY0jtJ', 445),
(328, 'Lillian', 'Siss', 'lsiss93@mashable.com', '58gzOOK8FCOT', 390),
(329, 'Martainn', 'Girvin', 'mgirvin94@umn.edu', 'PzTp0VJECc', 251),
(330, 'Hans', 'Sleigh', 'hsleigh95@boston.com', 'gACQg1XtYNE', 301),
(331, 'Valle', 'O'' Dornan', 'vodornan96@japanpost.jp', '4gLgiMb', 105),
(332, 'Lannie', 'Vogelein', 'lvogelein97@spiegel.de', 'HYP0Yoe', 274),
(333, 'Fidole', 'Ayrs', 'fayrs98@360.cn', '4pS5cqDtGjX', 417),
(334, 'Lizzie', 'Pund', 'lpund99@godaddy.com', 'iaWdu0AjJ', 411),
(335, 'Abram', 'Semrad', 'asemrad9a@admin.ch', 'hcUYmQNCQr', 328),
(336, 'Doe', 'Bolgar', 'dbolgar9b@friendfeed.com', 'ShnApn46', 87),
(337, 'Darci', 'Cracoe', 'dcracoe9c@1und1.de', '8NDbXVPV', 198),
(338, 'Warden', 'Sinson', 'wsinson9d@noaa.gov', '0aoYqFPj3j', 172),
(339, 'Hew', 'Basset', 'hbasset9e@nature.com', 'NlF3Yk', 333),
(340, 'Dewey', 'Allatt', 'dallatt9f@paypal.com', 'aa6d9YP', 481),
(341, 'Franky', 'Shoubridge', 'fshoubridge9g@merriam.com', 'AG61Yz12', 33),
(342, 'Thom', 'Lysons', 'tlysons9h@yahoo.com', 'BQOcpHy', 49),
(343, 'Josefina', 'Kenwrick', 'jkenwrick9i@google.com.br', '3TMJ96ekrZiE', 494),
(344, 'Raychel', 'Shankster', 'rshankster9j@answers.com', 'akriC1hQ5H', 358),
(345, 'Porter', 'Kyrkeman', 'pkyrkeman9k@about.me', 'NoQCkp8qVv', 54),
(346, 'Calypso', 'Leaman', 'cleaman9l@globo.com', '1xjiJ0RX', 47),
(347, 'Ardine', 'Togher', 'atogher9m@imgur.com', 'Ni4HtRHtI', 300),
(348, 'Horacio', 'Alanbrooke', 'halanbrooke9n@opera.com', 'jHHmw9w', 321),
(349, 'Jasmin', 'Maddie', 'jmaddie9o@epa.gov', 'Cyjcgm', 247),
(350, 'Joline', 'Nabbs', 'jnabbs9p@shutterfly.com', 'sUO09H2mswe', 130),
(351, 'Averyl', 'Pinniger', 'apinniger9q@thetimes.co.uk', 'I4vQv5Um3bE', 65),
(352, 'Elfie', 'Castanyer', 'ecastanyer9r@cyberchimps.com', 'Tz7nU2', 155),
(353, 'Darrell', 'Langland', 'dlangland9s@trellian.com', 'UWSq4cU', 56),
(354, 'Timoteo', 'Whoston', 'twhoston9t@ask.com', 'QshkYWTppkp', 169),
(355, 'Giustina', 'Gillan', 'ggillan9u@yale.edu', 'ns0HHdU2ap', 126),
(356, 'Stefa', 'Redler', 'sredler9v@hatena.ne.jp', 'o5fbIB5BZxI6', 115),
(357, 'Gill', 'Roncelli', 'groncelli9w@163.com', 'oVW6IkhZlg', 482),
(358, 'Constantine', 'Annion', 'cannion9x@hud.gov', '7Ka6pjpMnx', 224),
(359, 'Garold', 'Cossington', 'gcossington9y@g.co', 'o3ZRxFYP1PvZ', 102),
(360, 'Iggie', 'MacMorland', 'imacmorland9z@house.gov', 'MDIzug', 294),
(361, 'Dylan', 'Finlay', 'dfinlaya0@blogspot.com', 'cbn86nxVy', 161),
(362, 'Roderic', 'Blancowe', 'rblancowea1@go.com', 'KPzE0Vvn', 238),
(363, 'Glenden', 'Sholl', 'gsholla2@epa.gov', 'hHvXeHW3L', 180),
(364, 'Rip', 'Scourfield', 'rscourfielda3@tripadvisor.com', 'E6RXjXHjzH', 175),
(365, 'Christabella', 'Sermin', 'csermina4@unblog.fr', 'QhoeGGm', 484),
(366, 'Willabella', 'McAdam', 'wmcadama5@smh.com.au', 'rIu5DLDFj', 462),
(367, 'Flora', 'Chismon', 'fchismona6@redcross.org', 'AiAgANeL4p', 302),
(368, 'Carlene', 'Traviss', 'ctravissa7@seesaa.net', 'ldjy4V7', 86),
(369, 'Winnah', 'Cuniam', 'wcuniama8@homestead.com', 'XDiwEnS2J4', 289),
(370, 'Corabel', 'Eard', 'cearda9@nytimes.com', 'rtwNo6lYH', 297),
(371, 'Chance', 'Traher', 'ctraheraa@hao123.com', '0tO3FsGY5Qd', 94),
(372, 'Ilario', 'Blanque', 'iblanqueab@1und1.de', 'YfcPcCJhU', 105),
(373, 'Charmion', 'Alloway', 'callowayac@va.gov', 'ARqZb23xs', 239),
(374, 'Lura', 'Vereker', 'lverekerad@hhs.gov', '6FICkezpYt6P', 25),
(375, 'Thelma', 'Cragg', 'tcraggae@ning.com', '1LxVJQxT', 450),
(376, 'Lisha', 'Fossitt', 'lfossittaf@vimeo.com', 'irNDuUh12QWa', 480),
(377, 'Pascale', 'Birchenough', 'pbirchenoughag@time.com', 'jjwH25lVABC', 164),
(378, 'Stephannie', 'Southwick', 'ssouthwickah@ucsd.edu', 'bXKbh6w', 107),
(379, 'Dynah', 'Sizland', 'dsizlandai@instagram.com', 'i0TEh2Y7CK', 474),
(380, 'Ashlen', 'Casey', 'acaseyaj@economist.com', 'BqYsQ34', 490),
(381, 'Merrilee', 'Aldersea', 'malderseaak@weebly.com', 'aW3RIw', 154),
(382, 'Kinnie', 'Pankethman', 'kpankethmanal@machines.org', 'SiWjhN6mla4', 302),
(383, 'Eamon', 'Olivier', 'eolivieram@phpbb.com', 'EPwKuiOH', 102),
(384, 'Darrick', 'Kirkbride', 'dkirkbridean@amazonaws.com', 'ug5zphe8', 307),
(385, 'Germaine', 'Bettesworth', 'gbettesworthao@si.edu', 'az6wPQAFT5z', 312),
(386, 'Ricoriki', 'Auguste', 'raugusteap@yellowpages.com', 'wH1Zu8Yl4', 415),
(387, 'Arnuad', 'Seth', 'asethaq@fda.gov', '8aGykJ4', 33),
(388, 'Pamella', 'Troubridge', 'ptroubridgear@phpbb.com', 'fhl5UXmhKx', 290),
(389, 'Lemuel', 'Bartoszek', 'lbartoszekas@yale.edu', 'GBlrKZ', 66),
(390, 'Bev', 'Owlner', 'bowlnerat@wikia.com', 'tfPUYSm', 70),
(391, 'Melissa', 'Luther', 'mlutherau@ox.ac.uk', '12Y2odrbwsBf', 83),
(392, 'Ignacio', 'Messum', 'imessumav@google.com.br', 'zCc21U4W', 153),
(393, 'Winfield', 'Tithecott', 'wtithecottaw@oracle.com', 't1Jrv8h', 293),
(394, 'Ilse', 'Carayol', 'icarayolax@baidu.com', 'BnCNzaEf', 112),
(395, 'Annabelle', 'Twinterman', 'atwintermanay@istockphoto.com', 'fNGgrpBL', 315),
(396, 'Jourdain', 'Huddlestone', 'jhuddlestoneaz@umn.edu', 'avKaKMgbgp', 101),
(397, 'Myrtia', 'Amoss', 'mamossb0@ed.gov', 'p9jFKZdL', 20),
(398, 'Klemens', 'Meriot', 'kmeriotb1@nasa.gov', '66wbVXADk', 118),
(399, 'Morley', 'Neve', 'mneveb2@twitpic.com', 'aR2eaet9A99', 247),
(400, 'Rosette', 'MacCambridge', 'rmaccambridgeb3@mediafire.com', 'bbFRLC5tA', 376),
(401, 'Sheena', 'Cleyburn', 'scleyburnb4@scribd.com', '6MaghOcV7tc', 415),
(402, 'Gertrude', 'Roath', 'groathb5@fotki.com', 'u8iknZKhQ', 360),
(403, 'Bertine', 'Accum', 'baccumb6@exblog.jp', 'bodSrBcTR', 43),
(404, 'Aylmer', 'Silveston', 'asilvestonb7@network.org', 'oEPukJv', 186),
(405, 'Perkin', 'Kedie', 'pkedieb8@about.me', '0ze7XBnGcP2C', 490),
(406, 'Trueman', 'Cattanach', 'tcattanachb9@blogspot.com', 'Xh3qrDK', 418),
(407, 'Forrester', 'Croney', 'fcroneyba@hao123.com', 'ImmTosy', 22),
(408, 'Dickie', 'Spragg', 'dspraggbb@baidu.com', '7lPLiS3', 383),
(409, 'Brunhilda', 'Goreisr', 'bgoreisrbc@auda.org.au', 'y9Qhk2ZEgG', 293),
(410, 'Edgar', 'Giblin', 'egiblinbd@huffingtonpost.com', 'ZQqOYOPa1p', 419),
(411, 'Sharla', 'Ilyinski', 'silyinskibe@altervista.org', 'NSgXo8t', 350),
(412, 'Rozamond', 'Fleetwood', 'rfleetwoodbf@shutterfly.com', '1JdxE60FNh', 369),
(413, 'Forster', 'Dickerline', 'fdickerlinebg@salon.com', 'o5XbdnFC', 143),
(414, 'Karlik', 'Espino', 'kespinobh@oakley.com', 'z5jayCkusP', 416),
(415, 'Sheffield', 'Vanyarkin', 'svanyarkinbi@stumbleupon.com', 'EZc9ivnR', 74),
(416, 'Diannne', 'Huston', 'dhustonbj@npr.org', 'BLVsYM', 33),
(417, 'Wilona', 'Slyvester', 'wslyvesterbk@so-net.ne.jp', 'EWytmdUfn', 447),
(418, 'Jeannine', 'Joddins', 'jjoddinsbl@thetimes.co.uk', 'v7NmmXAqSDd', 100),
(419, 'Ivory', 'Tidman', 'itidmanbm@posterous.com', 'rTUlC0', 243),
(420, 'Hillery', 'Curee', 'hcureebn@etsy.com', 'Cb2LqeLuIC', 94),
(421, 'Remy', 'Gierek', 'rgierekbo@mozilla.org', 'cQ6sin', 105),
(422, 'Angelle', 'Bloor', 'abloorbp@netlog.com', 'o4PcH1FSz', 49),
(423, 'Anastasia', 'Rippin', 'arippinbq@hostgator.com', 'poHgHCVegQB', 78),
(424, 'Arabelle', 'Stych', 'astychbr@accuweather.com', 'bCltHF3Gw9u', 267),
(425, 'Seana', 'Brosini', 'sbrosinibs@ca.gov', 'PIVxA4', 471),
(426, 'Sutherlan', 'Delia', 'sdeliabt@bloomberg.com', 'sqiDZT', 84),
(427, 'Gerti', 'McAlinden', 'gmcalindenbu@businessweek.com', '4xAD3wDNA', 460),
(428, 'Darsie', 'Orrom', 'dorrombv@reddit.com', 's3ZhI5S8y36', 50),
(429, 'Suzette', 'Izkovici', 'sizkovicibw@wikipedia.org', 'wkYwNwFH', 372),
(430, 'Elroy', 'Elleray', 'eelleraybx@quantcast.com', 'SXF9qQ6fyE2R', 300),
(431, 'Feliks', 'Becker', 'fbeckerby@unesco.org', '03iqDQbaw1C', 446),
(432, 'Ingeberg', 'Cossor', 'icossorbz@patch.com', 'Kalqw1', 237),
(433, 'Faina', 'O''Heyne', 'foheynec0@printfriendly.com', 'eHUVnTtZ', 104),
(434, 'Pascal', 'Siebert', 'psiebertc1@altervista.org', 'TSdEQz', 74),
(435, 'Cherise', 'Carty', 'ccartyc2@friendfeed.com', '7DXJBzY', 272),
(436, 'Rosalinda', 'Morley', 'rmorleyc3@usnews.com', 'xBlkMS82', 127),
(437, 'Nye', 'De Dei', 'ndedeic4@netscape.com', 'Viopa2B', 447),
(438, 'Kirbie', 'Faill', 'kfaillc5@columbia.edu', 'qgidNG', 283),
(439, 'Eda', 'Huban', 'ehubanc6@dedecms.com', 'jM7NwG', 457),
(440, 'Grant', 'Yair', 'gyairc7@google.pl', 'AQejToHqBD', 462),
(441, 'Germain', 'O''Dougherty', 'godoughertyc8@yahoo.co.jp', 'Sw3nFRUtSfg', 375),
(442, 'Hazlett', 'Janovsky', 'hjanovskyc9@twitpic.com', '8XT41jlkZb8', 140),
(443, 'Thedric', 'Oehme', 'toehmeca@squarespace.com', 'aVxFozmPSII', 206),
(444, 'Archer', 'Widdowson', 'awiddowsoncb@businessweek.com', '85suYQa4', 346),
(445, 'Archaimbaud', 'Ben', 'abencc@cbslocal.com', 'a4jRJn27rOS', 311),
(446, 'Alphonse', 'Elecum', 'aelecumcd@altervista.org', 'cG7dv33', 293),
(447, 'Dollie', 'Kervin', 'dkervince@hatena.ne.jp', 'P4Jrj7', 155),
(448, 'Manon', 'Wheble', 'mwheblecf@admin.ch', 'bvPndKa22', 55),
(449, 'Lib', 'Kelleway', 'lkellewaycg@wikimedia.org', 'drV3fmngW', 349),
(450, 'Maggie', 'Catonnet', 'mcatonnetch@vk.com', 'XhILTr', 325),
(451, 'Catrina', 'Eschelle', 'ceschelleci@ft.com', 'vWfBER7sO', 380),
(452, 'Cammie', 'Hiley', 'chileycj@php.net', 'zotpyu4fP8', 173),
(453, 'Christoper', 'Cathel', 'ccathelck@sourceforge.net', 'ohXsDvndkdJa', 380),
(454, 'Rik', 'Kirrens', 'rkirrenscl@cdbaby.com', 'wibYnIHn', 208),
(455, 'Jackqueline', 'Haycraft', 'jhaycraftcm@economist.com', 'VuyqqT', 143),
(456, 'Novelia', 'Vescovini', 'nvescovinicn@wiley.com', 'Sww9VtoUU', 347),
(457, 'Barb', 'Surmeir', 'bsurmeirco@opera.com', 'j8YP91H', 229),
(458, 'Alistair', 'McDarmid', 'amcdarmidcp@i2i.jp', 'MLleRHoNm', 351),
(459, 'Artemis', 'Krout', 'akroutcq@guardian.co.uk', 'sLKnvZ', 59),
(460, 'Darsie', 'Wilber', 'dwilbercr@hud.gov', 'y2c33P', 435),
(461, 'Ricca', 'Stive', 'rstivecs@google.pl', 'gVw0LE26', 136),
(462, 'Niki', 'Wix', 'nwixct@devhub.com', 'e04XPVSFT', 345),
(463, 'Noemi', 'Mackrell', 'nmackrellcu@imgur.com', 'uAuL0tEvK', 413),
(464, 'Danella', 'Knoton', 'dknotoncv@taobao.com', '8JobQWEllvx', 154),
(465, 'Donovan', 'Emsden', 'demsdencw@cloudflare.com', 'uNYhgUz', 62),
(466, 'Valina', 'Libbey', 'vlibbeycx@alexa.com', 'TeKH2KGJMRdi', 402),
(467, 'Hyatt', 'Royston', 'hroystoncy@over-blog.com', 'nYg5Qy8F', 472),
(468, 'Sibylla', 'Ruslin', 'sruslincz@taobao.com', '1elscdbuVBo', 383),
(469, 'Curr', 'Parmley', 'cparmleyd0@newsvine.com', 'Ns0bbS8m2XN', 415),
(470, 'Blithe', 'Figures', 'bfiguresd1@symantec.com', 'Pb2jp3dLVD', 308),
(471, 'Carlina', 'Antonietti', 'cantoniettid2@commons.org', '0rOVqFGUEdbT', 403),
(472, 'Caressa', 'Rhys', 'crhysd3@soup.io', 'pTWcpw', 416),
(473, 'Alexina', 'Landsman', 'alandsmand4@zdnet.com', 'djkPdr', 80),
(474, 'Almira', 'Zecchetti', 'azecchettid5@japanpost.jp', 'kA1u4HblFo', 193),
(475, 'Barri', 'Farrey', 'bfarreyd6@domainmarket.com', 'jL6UZr9w1m', 62),
(476, 'Charla', 'Fulleylove', 'cfulleyloved7@skyrock.com', 'NVv2d45SZRl', 68),
(477, 'Launce', 'Blamphin', 'lblamphind8@buzzfeed.com', 'nSLyYLn', 239),
(478, 'Rubia', 'Hay', 'rhayd9@marketwatch.com', 'uZz8wa0gLr9', 350),
(479, 'Emilia', 'Fettes', 'efettesda@google.com.hk', '7NX8Da', 7),
(480, 'Ami', 'Ianne', 'aiannedb@amazonaws.com', 'VunFWpWMa6', 206),
(481, 'Kristo', 'Figgen', 'kfiggendc@opera.com', 'cqyMaYk', 84),
(482, 'Tiebout', 'Wedmore.', 'twedmoredd@barnesandnoble.com', 'BD7Ahq', 260),
(483, 'Jeramey', 'Raspison', 'jraspisonde@bloomberg.com', 'yrWHQsZ5', 346),
(484, 'Cecily', 'Hamblington', 'chamblingtondf@fotki.com', '9xhovrmDimX', 106),
(485, 'Crissy', 'Dolden', 'cdoldendg@advertising.org', 'pMThPCkircYo', 387),
(486, 'Pavla', 'Mixhel', 'pmixheldh@ihg.com', 'KLDeSxG', 313),
(487, 'Giffy', 'Asche', 'gaschedi@smugmug.com', '0S6MCE', 121),
(488, 'Duffy', 'Ismead', 'dismeaddj@pbs.org', 'bK7nf7n', 219),
(489, 'Celestyna', 'Jelf', 'cjelfdk@army.mil', 'nRNM9g', 141),
(490, 'Minnaminnie', 'Farlam', 'mfarlamdl@nymag.com', 'qc4yOnwZ', 276),
(491, 'Sissy', 'Scanterbury', 'sscanterburydm@apache.org', 'c2HqAFlBe5z6', 172),
(492, 'Sherrie', 'Rodda', 'sroddadn@miibeian.gov.cn', '5kMTYPm4y4', 138),
(493, 'Peadar', 'Whithalgh', 'pwhithalghdo@ted.com', 'ZR4JO21C', 421),
(494, 'Lezlie', 'Brimming', 'lbrimmingdp@homestead.com', 'JklQWCjt8AK', 5),
(495, 'Genvieve', 'Austick', 'gaustickdq@chicagotribune.com', 'TeCPMjl', 335),
(496, 'Muire', 'Pammenter', 'mpammenterdr@wikispaces.com', '0nv3MD', 374),
(497, 'Arther', 'Monks', 'amonksds@smh.com.au', 'mVpqNgt8A6T', 482),
(498, 'Carry', 'Yurenin', 'cyurenindt@merriam-webster.com', 'AwBWOdA', 347),
(499, 'Garold', 'McKibbin', 'gmckibbindu@wordpress.org', 'L13uWFXiG1', 260),
(500, 'Annmaria', 'Burbury', 'aburburydv@is.gd', 'supD5Du', 373),
(501, 'Hobart', 'Gainsford', 'hgainsforddw@chronoengine.com', 'GiMaC49l8cm', 477),
(502, 'Ralf', 'Grainge', 'rgraingedx@wikipedia.org', 'Q9PxvRvx', 439),
(503, 'Emelita', 'Carleton', 'ecarletondy@delicious.com', 'Ioo2Q7S', 279),
(504, 'Dyanne', 'Carse', 'dcarsedz@example.com', 'Gl4MDmw3', 365),
(505, 'Margaret', 'Gate', 'mgatee0@ovh.net', 'PWqDJvV', 63),
(506, 'Wyatan', 'Hevner', 'whevnere1@java.com', '1dSuZG', 419),
(507, 'Lari', 'Gettins', 'lgettinse2@amazon.de', 'QOdhJbMz2Q', 179),
(508, 'Matthaeus', 'Antoniazzi', 'mantoniazzie3@marketwatch.com', '0v4KdzD4j1', 144),
(509, 'Karlyn', 'Dhenin', 'kdhenine4@tinypic.com', 'WCJefeJTO', 139),
(510, 'Trudy', 'Karby', 'tkarbye5@techcrunch.com', 'qai9yFfgz87k', 395),
(511, 'Glennis', 'Wixey', 'gwixeye6@google.co.jp', 'Zx7uYzIOqyBk', 66),
(512, 'Efren', 'Wilgar', 'ewilgare7@miitbeian.gov.cn', 'q1wNaaCkTY', 133),
(513, 'Roanne', 'Treneman', 'rtrenemane8@stumbleupon.com', 'FPZQFIMg', 104),
(514, 'Isabella', 'Malley', 'imalleye9@oracle.com', 'ECW7LEudVGf', 153),
(515, 'Kassey', 'De Cruz', 'kdecruzea@scribd.com', '6VxzwW', 181),
(516, 'Peadar', 'Murphy', 'pmurphyeb@vistaprint.com', 'sFodbnOi', 83),
(517, 'Aguie', 'Pavelin', 'apavelinec@engadget.com', 'YmuFLGjWjBQ', 476),
(518, 'Hortensia', 'Cassam', 'hcassamed@devhub.com', 'IakuUw', 481),
(519, 'Katalin', 'Filipov', 'kfilipovee@wufoo.com', 'ewnQQ9FjrvVP', 160),
(520, 'Bill', 'Itschakov', 'bitschakovef@tripadvisor.com', 'Dw8XAZ3', 98),
(521, 'Gibb', 'Gluyas', 'ggluyaseg@psu.edu', '0P1wOFjhGDlR', 467),
(522, 'Wait', 'Castagneri', 'wcastagnerieh@qq.com', 'qnv6DDdXBn', 387),
(523, 'Gus', 'Tarbath', 'gtarbathei@tumblr.com', 'v1ReMKJucXB', 287),
(524, 'Suzy', 'Seely', 'sseelyej@yandex.ru', '8DrJ0fG', 21),
(525, 'Mireielle', 'Faux', 'mfauxek@microsoft.com', 'NVavrps79', 396),
(526, 'Tymothy', 'Fradson', 'tfradsonel@ucoz.com', '5dof4V', 271),
(527, 'Kim', 'Barke', 'kbarkeem@umn.edu', 'xPgx3vrlXr', 44),
(528, 'Olympe', 'Franzke', 'ofranzkeen@pen.io', 'tpLXoL', 87),
(529, 'Juliane', 'Wigfield', 'jwigfieldeo@ca.gov', 'UcsFbKOVk9gH', 194),
(530, 'Raleigh', 'Feldberg', 'rfeldbergep@ucla.edu', 'fkeVbys3p', 244),
(531, 'Cherlyn', 'Nichols', 'cnicholseq@adobe.com', 'Uy5k2XZ', 119),
(532, 'Hatty', 'Roggerone', 'hroggeroneer@vk.com', 'tgCA5MSZsw', 63),
(533, 'Marley', 'Naul', 'mnaules@reference.com', 'UfrUly', 153),
(534, 'Rosco', 'Brandone', 'rbrandoneet@furl.net', '0U3wCgCAHGh', 374),
(535, 'Merwyn', 'Quarterman', 'mquartermaneu@irs.gov', 'dofu3y7FHKx', 457),
(536, 'Hollis', 'Triebner', 'htriebnerev@tinypic.com', 'xWiunYXQK', 30),
(537, 'Jeana', 'McKevitt', 'jmckevittew@blogs.com', 'gXgVDo7lnSaq', 415),
(538, 'Cobby', 'De Meyer', 'cdemeyerex@nasa.gov', 'rDXMl1CD3', 178),
(539, 'Auguste', 'Peddel', 'apeddeley@bloomberg.com', 'autmmITeh', 203),
(540, 'Eula', 'Hartropp', 'ehartroppez@goo.ne.jp', 'KcOauos', 107),
(541, 'Abigael', 'Haversham', 'ahavershamf0@nasa.gov', 'snQc7Bb', 173),
(542, 'Bendite', 'Talkington', 'btalkingtonf1@edublogs.org', 'dIKGbuYIz', 426),
(543, 'Priscella', 'Ferrier', 'pferrierf2@arizona.edu', 'uSqnso', 55),
(544, 'Bob', 'Dossantos', 'bdossantosf3@wisc.edu', 'kGT58AYcVFyq', 22),
(545, 'Ursuline', 'MacGilmartin', 'umacgilmartinf4@mtv.com', 'NdaaelhJIC8C', 441),
(546, 'Melli', 'Jee', 'mjeef5@spiegel.de', 'VVjoaiUtFa', 48),
(547, 'Noak', 'McAndrew', 'nmcandrewf6@slate.com', '0icm3YLS', 388),
(548, 'Nikaniki', 'Parradine', 'nparradinef7@jigsy.com', 'ud0erHRJK', 454),
(549, 'Shurlocke', 'Warby', 'swarbyf8@netscape.com', 'bGTebaxEZ3Sp', 271),
(550, 'Carmine', 'Kidstone', 'ckidstonef9@ifeng.com', 'by2hagKp', 132),
(551, 'Bram', 'Petrollo', 'bpetrollofa@mlb.com', 'aZ1vTCSR', 454),
(552, 'Geoff', 'Jinkin', 'gjinkinfb@ovh.net', 'L9jjQnc4', 294),
(553, 'Ara', 'Chafney', 'achafneyfc@barnesandnoble.com', 'CLsisiI', 277),
(554, 'Celestia', 'Deveraux', 'cdeverauxfd@1und1.de', 'Wdxo4jB8', 179),
(555, 'Eleanore', 'Boss', 'ebossfe@yahoo.co.jp', '6MiOyFg', 70),
(556, 'Brody', 'Cowup', 'bcowupff@amazon.com', 'JlstZ84e', 249),
(557, 'Nonah', 'Beverley', 'nbeverleyfg@pbs.org', 'hdZfAisW', 162),
(558, 'Cristin', 'Pilger', 'cpilgerfh@linkedin.com', 'U634fCN89', 224),
(559, 'Paddie', 'Gaul', 'pgaulfi@furl.net', 'hO6apU0', 440),
(560, 'Wanids', 'Reitenbach', 'wreitenbachfj@stumbleupon.com', 'S6UQD4rP', 53),
(561, 'Daile', 'Jorry', 'djorryfk@vinaora.com', 'mQUNktebim', 483),
(562, 'Horten', 'Dorwood', 'hdorwoodfl@nhs.uk', 'H8eO6vgPQ', 389),
(563, 'Janina', 'Benoit', 'jbenoitfm@w3.org', '5LztmNT', 254),
(564, 'Celestina', 'Tight', 'ctightfn@cornell.edu', 'p38SFdD', 99),
(565, 'Sherri', 'Whitnall', 'swhitnallfo@apple.com', '8WFpikp2mT', 436),
(566, 'Lindsay', 'McNabb', 'lmcnabbfp@edublogs.org', '2Vcw2bc', 441),
(567, 'Damian', 'Diggons', 'ddiggonsfq@jimdo.com', '21CMjfObf2tO', 102),
(568, 'Farica', 'Minchindon', 'fminchindonfr@sohu.com', 'MridDMPREX', 378),
(569, 'Atalanta', 'Frude', 'afrudefs@hatena.ne.jp', 'LtW7JgnkGKK', 325),
(570, 'Udale', 'Garfath', 'ugarfathft@wunderground.com', 'rfaN2vRMDvPo', 166),
(571, 'Belvia', 'Kiffe', 'bkiffefu@liveinternet.ru', 'HB7TiL', 372),
(572, 'Kennith', 'Trundler', 'ktrundlerfv@domainmarket.com', 'Gf3ROvySYZx', 182),
(573, 'Ranique', 'Gipps', 'rgippsfw@free.fr', '7C6NNWDMAKs8', 310),
(574, 'Fanechka', 'Tubritt', 'ftubrittfx@miitbeian.gov.cn', '9p7O708ABHIJ', 356),
(575, 'Livvyy', 'Pledge', 'lpledgefy@wired.com', 'LyJ4LLsP', 429),
(576, 'Rheba', 'Shadfourth', 'rshadfourthfz@earthlink.net', 'ad6gi7f', 22),
(577, 'Margalit', 'Hayfield', 'mhayfieldg0@wix.com', 'YVZLxQ', 389),
(578, 'Rockwell', 'Pimblott', 'rpimblottg1@si.edu', 'MSfAJf', 107),
(579, 'Simonette', 'Dmitr', 'sdmitrg2@vk.com', 'bRFGZOmx', 28),
(580, 'Lucienne', 'Sallis', 'lsallisg3@nytimes.com', '0OD4850F', 253),
(581, 'Marilyn', 'Simmonite', 'msimmoniteg4@shop-pro.jp', 'keyt68M', 297),
(582, 'Corrianne', 'Atkyns', 'catkynsg5@boston.com', 'uSFvJBq', 30),
(583, 'Kalie', 'Bresner', 'kbresnerg6@clickbank.net', 'IoQVBTJ', 499),
(584, 'Northrop', 'Rebichon', 'nrebichong7@ucoz.com', 'shz9tF2nC', 1),
(585, 'Darrin', 'Fishly', 'dfishlyg8@telegraph.co.uk', 'oGPDBNT4bvF', 387),
(586, 'Alano', 'Semrad', 'asemradg9@google.co.uk', 'ZfCnEdbm', 121),
(587, 'Alia', 'Michele', 'amichelega@e-recht24.de', 'I4tg8guA', 474),
(588, 'Rik', 'Endecott', 'rendecottgb@icio.us', 'trSKHShs7', 60),
(589, 'Drud', 'Phillipson', 'dphillipsongc@newsvine.com', 'ESS8cuWIn', 73),
(590, 'Hughie', 'Geer', 'hgeergd@uol.com.br', 'LTK9Hw', 62),
(591, 'Matilda', 'Heigho', 'mheighoge@advertising.org', 'J75yK9bcn', 311),
(592, 'Stephana', 'Vinter', 'svintergf@phoca.cz', 'QPksYKKLr', 384),
(593, 'Anitra', 'Gaitung', 'agaitunggg@bizjournals.com', 'wKb3QWl1CNm8', 205),
(594, 'Fay', 'Abrahmovici', 'fabrahmovicigh@scribd.com', '8drpzvZemEyw', 67),
(595, 'Maryann', 'Wrenn', 'mwrenngi@feedburner.com', 'odnRmX1tT', 134),
(596, 'Madelaine', 'Caulton', 'mcaultongj@samsung.com', '4UKLjHpzo', 470),
(597, 'Daven', 'Borrows', 'dborrowsgk@fastcompany.com', 'pqm3XdkaCz', 188),
(598, 'Cornie', 'McKintosh', 'cmckintoshgl@msu.edu', 'fDwwBerURz', 487),
(599, 'Beth', 'Fippe', 'bfippegm@msu.edu', 'gSuz3udp', 120),
(600, 'Donalt', 'Gamble', 'dgamblegn@wsj.com', '07VSE502vv1L', 124),
(601, 'Pauly', 'Huckel', 'phuckelgo@narod.ru', 'gFXYCMY', 385),
(602, 'Tova', 'Longhirst', 'tlonghirstgp@geocities.jp', 'jyWa7DO', 428),
(603, 'Tremain', 'Ragborne', 'tragbornegq@foxnews.com', 'AiBEavPQPX', 16),
(604, 'Amabel', 'Click', 'aclickgr@slideshare.net', 'bDkHFgH', 75),
(605, 'See', 'McAndrew', 'smcandrewgs@google.it', 'U8NcuAo', 139),
(606, 'Clair', 'Jarrard', 'cjarrardgt@tmall.com', 'c9Ydy1NyrZ', 486),
(607, 'Leandra', 'Elden', 'leldengu@abc.net.au', '9odwCxG', 252),
(608, 'Mikel', 'Haysom', 'mhaysomgv@cam.ac.uk', 'mDR6MlW8vkN', 198),
(609, 'Toby', 'Epton', 'teptongw@cmu.edu', 'lLPH9iHEAu8', 22),
(610, 'Tadeas', 'Dorricott', 'tdorricottgx@phoca.cz', 'FmWS5ElXy', 113),
(611, 'Devora', 'Abeau', 'dabeaugy@cdbaby.com', 'FUGDnK', 122),
(612, 'Bryon', 'Prandoni', 'bprandonigz@wufoo.com', 'IogNC0Awp', 82),
(613, 'Edythe', 'Tipton', 'etiptonh0@cpanel.net', 'j32wZLGoRh', 312),
(614, 'Pauli', 'Frow', 'pfrowh1@jiathis.com', 'wpHXbD6', 284),
(615, 'Sindee', 'Simondson', 'ssimondsonh2@rambler.ru', 'yNZYzG9', 373),
(616, 'Allsun', 'Ramsted', 'aramstedh3@jimdo.com', 'bxCGOrt', 199),
(617, 'Hinze', 'Hartless', 'hhartlessh4@reverbnation.com', 'z3VAjPp4jk', 30),
(618, 'Alain', 'Pettersen', 'apettersenh5@macromedia.com', '3miICYuM', 480),
(619, 'Doria', 'Rheubottom', 'drheubottomh6@wikispaces.com', 'IuxwkXUkpEq', 207),
(620, 'Lindi', 'Gerrelts', 'lgerreltsh7@g.co', 'WPMDfASY', 419),
(621, 'Loreen', 'Soro', 'lsoroh8@cpanel.net', 'R65CmIwTvy', 314),
(622, 'Barrie', 'Healings', 'bhealingsh9@mtv.com', 'HX5QemZb2Qn', 253),
(623, 'Turner', 'Mowson', 'tmowsonha@vistaprint.com', 'JFLGyjMcM', 39),
(624, 'Stacie', 'Stallwood', 'sstallwoodhb@vimeo.com', 'gAT1Xvb5n1Ve', 77),
(625, 'Nicolle', 'Gammack', 'ngammackhc@mysql.com', 'hNigcDt7y', 314),
(626, 'Aridatha', 'Patifield', 'apatifieldhd@tripod.com', 'surtyo', 136),
(627, 'Ruby', 'Burdekin', 'rburdekinhe@google.es', 'GKZ4oWH', 235),
(628, 'Jillian', 'Kadar', 'jkadarhf@wsj.com', 'MQjrxK9kd2', 353),
(629, 'Dalis', 'Griffoen', 'dgriffoenhg@elegantthemes.com', 'F8qBVY', 154),
(630, 'Alastair', 'Tilmouth', 'atilmouthhh@accuweather.com', '3ANtL187S', 28),
(631, 'Rochester', 'Simkovich', 'rsimkovichhi@archive.org', 'GoIDcV3qEv', 270),
(632, 'Nehemiah', 'Soppett', 'nsoppetthj@admin.ch', 'hlrAeI', 425),
(633, 'Nola', 'Pau', 'npauhk@cdbaby.com', '6dirLGpcm', 365),
(634, 'Iorgo', 'Flohard', 'iflohardhl@youtu.be', 'FzUaeeUxBG', 199),
(635, 'Rustin', 'Thinn', 'rthinnhm@github.io', 'HBTFDUk', 80),
(636, 'Bryanty', 'Willmott', 'bwillmotthn@msu.edu', 'Lm0aCnReKaZ', 347),
(637, 'Karlan', 'Buncom', 'kbuncomho@nyu.edu', 'LYhXhV9DXQ', 435),
(638, 'Mattie', 'Bockett', 'mbocketthp@paypal.com', 'EI9sZqoRoxce', 310),
(639, 'Nadean', 'Hughesdon', 'nhughesdonhq@hc360.com', 'gZ4QoJF', 329),
(640, 'Dorotea', 'Sidey', 'dsideyhr@youtu.be', '7ibqo66Y', 136),
(641, 'Sascha', 'Scottini', 'sscottinihs@independent.co.uk', 'TJ6QUu5', 272),
(642, 'Toiboid', 'Totton', 'ttottonht@reuters.com', 'h9puNwbZ', 358),
(643, 'Quintilla', 'Breeton', 'qbreetonhu@devhub.com', 'zL0X01rp4g', 20),
(644, 'Goddart', 'Erskine Sandys', 'gerskinesandyshv@qq.com', 'DUI5IjMf5', 348),
(645, 'Prentiss', 'Kissell', 'pkissellhw@ed.gov', 'weP5gd6fO8Kj', 28),
(646, 'Sisile', 'Di Meo', 'sdimeohx@spiegel.de', 'qW7GIw6Tk6', 392),
(647, 'Doro', 'Aicken', 'daickenhy@usa.gov', 'POlqHJti', 176),
(648, 'Regan', 'Liddy', 'rliddyhz@yahoo.co.jp', 'sO7OIFao', 144),
(649, 'Roley', 'Friett', 'rfrietti0@delicious.com', 'adK23Ln1fqeU', 446),
(650, 'Park', 'Weaver', 'pweaveri1@businessweek.com', 'mPx5XyRCgT', 59),
(651, 'Eleanora', 'Nesbit', 'enesbiti2@twitter.com', '6DTKHVR', 302),
(652, 'Jamal', 'Riggert', 'jriggerti3@usa.gov', 'cUzt65N4Jimu', 288),
(653, 'Earl', 'Lantaph', 'elantaphi4@nsw.gov.au', 'INz4VajyW', 428),
(654, 'Bryant', 'Rochewell', 'brochewelli5@geocities.jp', 'ulYWvJ8D9qra', 255),
(655, 'Maude', 'Kemwal', 'mkemwali6@newsvine.com', 'YvXHzx4HW', 224),
(656, 'Olivette', 'Helmke', 'ohelmkei7@usa.gov', '5A85EQHd1', 328),
(657, 'Quintana', 'Sysland', 'qsyslandi8@shareasale.com', 'V54UcQQvw2kQ', 62),
(658, 'Evania', 'De Malchar', 'edemalchari9@live.com', 'hEYUdfcyvJ', 380),
(659, 'Hali', 'Remnant', 'hremnantia@mail.ru', 'xbC38lP', 262),
(660, 'Rhea', 'Shillitto', 'rshillittoib@shutterfly.com', 'jVliw7n', 181),
(661, 'Rahel', 'Woolway', 'rwoolwayic@netlog.com', '7s1Sik', 212),
(662, 'Dulce', 'Trengrouse', 'dtrengrouseid@sakura.ne.jp', 'D9wXMHgTI', 439),
(663, 'Leon', 'Westcarr', 'lwestcarrie@ox.ac.uk', 'gNbuzG9e', 469),
(664, 'Tilda', 'Newlands', 'tnewlandsif@nsw.gov.au', 'DAKM7u', 168),
(665, 'Hanni', 'Romney', 'hromneyig@reference.com', '18k1LVRw', 75),
(666, 'Carlo', 'Mayoh', 'cmayohih@imageshack.us', 'Ag0faKwdeXi', 226),
(667, 'Audra', 'Roglieri', 'aroglieriii@adobe.com', 'fkEr0oGA', 280),
(668, 'Keary', 'Mimmack', 'kmimmackij@who.int', 'fgQ2BA19lW', 257),
(669, 'Haskell', 'Randalston', 'hrandalstonik@surveymonkey.com', '3NBhUxMVF', 305),
(670, 'Vitoria', 'Crich', 'vcrichil@gmpg.org', 'TFMC1Ta', 121),
(671, 'Wiley', 'Bitterton', 'wbittertonim@cloudflare.com', 'ZAAZdC', 464),
(672, 'Danice', 'Micklewicz', 'dmicklewiczin@hibu.com', 'VLkiQ7aF8', 73),
(673, 'Reinold', 'Humpage', 'rhumpageio@baidu.com', 'U1S9YXRgrmk', 344),
(674, 'Bernete', 'Livezley', 'blivezleyip@paginegialle.it', '9H90968hPd13', 210),
(675, 'Larry', 'Irlam', 'lirlamiq@bing.com', 'uMMgRqqv2wB', 280),
(676, 'Monika', 'Chellam', 'mchellamir@mail.ru', 'lKB2zpUY5', 193),
(677, 'Winnah', 'Brixey', 'wbrixeyis@mediafire.com', 'dWydh11v0rGK', 193),
(678, 'Kristin', 'Veall', 'kveallit@cloudflare.com', 'j0iCtA', 308),
(679, 'Issy', 'Ridger', 'iridgeriu@youtube.com', 'Czo6MZ', 75),
(680, 'Sybil', 'Janowicz', 'sjanowicziv@buzzfeed.com', 'fxtngMpawc4X', 303),
(681, 'Nickey', 'Gildea', 'ngildeaiw@jimdo.com', 'lzJRciC7', 265),
(682, 'Fanchette', 'MacDonagh', 'fmacdonaghix@slashdot.org', '1VPUhZqgzd', 358),
(683, 'Lyle', 'Salsberg', 'lsalsbergiy@a8.net', 'KL0KM6ABM', 479),
(684, 'Amitie', 'Danels', 'adanelsiz@fema.gov', 'jLXKJe', 319),
(685, 'Jule', 'Willerstone', 'jwillerstonej0@netlog.com', 'c9XBjh', 397),
(686, 'Giffer', 'Evered', 'geveredj1@oracle.com', '0yaqjSHQFFHp', 65),
(687, 'Marguerite', 'Wallis', 'mwallisj2@census.gov', 'UZmjfqo', 415),
(688, 'Raffarty', 'Rootes', 'rrootesj3@bbb.org', 'P0ruqk', 364),
(689, 'Standford', 'Kesey', 'skeseyj4@vk.com', 'iaQ72Man', 31),
(690, 'Modestia', 'Blampy', 'mblampyj5@themeforest.net', 'M8LG66JZ', 92),
(691, 'Olav', 'Cafferty', 'ocaffertyj6@wix.com', 'Rui3dNqqpo', 415),
(692, 'Rosanne', 'Dumingo', 'rdumingoj7@tmall.com', '5zhWVG7G', 309),
(693, 'Northrup', 'Axford', 'naxfordj8@bing.com', 'sppVNY8syfg', 46),
(694, 'Monroe', 'Pender', 'mpenderj9@shinystat.com', '8EMqDbhcoSMS', 335),
(695, 'Milli', 'Burnyate', 'mburnyateja@xinhuanet.com', 'W45YnkA', 411),
(696, 'Brittne', 'Kiehnlt', 'bkiehnltjb@mtv.com', 'KIb05L', 211),
(697, 'Archibaldo', 'Landeaux', 'alandeauxjc@harvard.edu', 'zv3kAomLjF0', 361),
(698, 'Tressa', 'Postgate', 'tpostgatejd@trellian.com', 'lHgwdGh', 219),
(699, 'Daphna', 'Chadney', 'dchadneyje@fastcompany.com', 'qqBKj2zHsORY', 29),
(700, 'Jereme', 'Boyn', 'jboynjf@domainmarket.com', '7ohcMz', 384),
(701, 'Carny', 'Aukland', 'cauklandjg@ucsd.edu', 'O4xTYx', 299),
(702, 'Jodee', 'Knath', 'jknathjh@sakura.ne.jp', '0QAoz7EjpV', 386),
(703, 'Roanne', 'Justun', 'rjustunji@tripadvisor.com', 'LEwqjK', 214),
(704, 'Amelina', 'Bovaird', 'abovairdjj@scientific.com', 'YwwQo33q', 194),
(705, 'Rikki', 'Collett', 'rcollettjk@hexun.com', '2DVlfzF', 160),
(706, 'Joanie', 'Bastian', 'jbastianjl@ehow.com', 'uUYmwiqUf', 378),
(707, 'Malina', 'Yanshonok', 'myanshonokjm@sogou.com', 'kzHnSvVFN', 28),
(708, 'Tiffie', 'Jewis', 'tjewisjn@hhs.gov', '8nGUQXC1puL', 416),
(709, 'Elsy', 'Darycott', 'edarycottjo@craigslist.org', 'JQmtiy', 494),
(710, 'Dicky', 'Barnewille', 'dbarnewillejp@mit.edu', 'sWh4SanGe', 311),
(711, 'Melitta', 'Haskett', 'mhaskettjq@sciencedaily.com', 'kEOV8LO', 265),
(712, 'Benson', 'Klima', 'bklimajr@nyu.edu', 'BQI4vjCV', 261),
(713, 'Alyda', 'Beri', 'aberijs@eventbrite.com', 'V3268sJpAVH5', 178),
(714, 'Brewer', 'Maass', 'bmaassjt@freewebs.com', 'txe0icEqa', 401),
(715, 'Antonio', 'Glancey', 'aglanceyju@ox.ac.uk', 'VbGSnCUEEGA', 238),
(716, 'Elisa', 'Betteridge', 'ebetteridgejv@illinois.edu', '8Tg7L1yD', 10),
(717, 'Gillie', 'Philippson', 'gphilippsonjw@wix.com', '3sPYMcloQtHp', 386),
(718, 'Lennard', 'Ferencowicz', 'lferencowiczjx@typepad.com', 'Lmzzeb', 17),
(719, 'Valentia', 'McDell', 'vmcdelljy@auda.org.au', 'JLhgOBXW6iUs', 301),
(720, 'Goddard', 'Hellewell', 'ghellewelljz@fda.gov', 'LKih1unqhe', 148),
(721, 'Dalston', 'Jencken', 'djenckenk0@histats.com', 'GfX2k0G4cm6F', 343),
(722, 'Freeman', 'Giral', 'fgiralk1@github.io', 'D6MqleRRp', 66),
(723, 'Bo', 'Kondrachenko', 'bkondrachenkok2@instagram.com', 'WZM5UQ', 337),
(724, 'Marchall', 'Maddison', 'mmaddisonk3@sakura.ne.jp', 'oT1scnuNgVk', 143),
(725, 'Joaquin', 'Jotham', 'jjothamk4@sakura.ne.jp', 'sgcU6Z', 220),
(726, 'Granthem', 'Grioli', 'ggriolik5@businessinsider.com', 's0jmkOaDHwdh', 250),
(727, 'Abagail', 'Jopke', 'ajopkek6@pcworld.com', 'VkKNe7Nzuj', 349),
(728, 'Bald', 'Chrishop', 'bchrishopk7@sohu.com', '1x2TLyUk54xx', 67),
(729, 'Erma', 'Cotgrove', 'ecotgrovek8@sourceforge.net', 'xe5sHfN', 112),
(730, 'Silvain', 'Ickovicz', 'sickoviczk9@meetup.com', 'caX43PH7brQ', 397),
(731, 'Chrisy', 'Alsop', 'calsopka@umn.edu', '4XgMClxCDu', 455),
(732, 'Vern', 'Isley', 'visleykb@reddit.com', '9WW44zPqCtD', 179),
(733, 'Madelon', 'Sein', 'mseinkc@mapy.cz', 'Ly9mj5Ms2Is', 192),
(734, 'Elana', 'Purvis', 'epurviskd@chicagotribune.com', '4heaRw', 380),
(735, 'Anne', 'Polk', 'apolkke@ted.com', 'om2jkJ0', 170),
(736, 'Nilson', 'Bows', 'nbowskf@samsung.com', '59MwxDkF', 465),
(737, 'Janice', 'Audrey', 'jaudreykg@cbsnews.com', 'cy8kKqNC', 47),
(738, 'Gar', 'Lunbech', 'glunbechkh@dropbox.com', 'vppE5oPn', 273),
(739, 'Josepha', 'Carrabott', 'jcarra@thisfirst_name.com', 'NXoGLk', 446),
(740, 'Alain', 'Coppeard', 'acoppeardkj@wsj.com', 'zUJKbbPnTBk3', 344),
(741, 'Marisa', 'Hegerty', 'mhegertykk@theglobeandmail.com', 'ga3xGwe', 350),
(742, 'Zacherie', 'Tarte', 'ztartekl@jimdo.com', 'esYp8r', 495),
(743, 'Sylas', 'Cranney', 'scranneykm@fema.gov', 'WI3iDV78L5SH', 236),
(744, 'Svend', 'Renwick', 'srenwickkn@ezinearticles.com', '3swsJYm', 288),
(745, 'Oliy', 'Hamprecht', 'ohamprechtko@so-net.ne.jp', 'yQPr0Smq2Q', 269),
(746, 'Valdemar', 'Blackaller', 'vblackallerkp@ustream.tv', 'qXjBtMEYL', 199),
(747, 'Broddy', 'Pepis', 'bpepiskq@live.com', 'npMNHxn9', 248),
(748, 'Katheryn', 'Gale', 'kgalekr@sun.com', 'uT1iUzFHzJg', 83),
(749, 'Laurie', 'Clibbery', 'lclibberyks@jigsy.com', 'UYDAV127KX7', 364),
(750, 'Fawn', 'Campagne', 'fcampagnekt@netlog.com', 'zuDPl74WZzj', 412),
(751, 'Jackelyn', 'Motto', 'jmottoku@apple.com', 'EhfFunMPEO', 316),
(752, 'Bernadene', 'Risebarer', 'brisebarerkv@mlb.com', 'O7xmvV5sW4', 421),
(753, 'Tana', 'Swinney', 'tswinneykw@blinklist.com', 'EmUXuvB86Wqa', 269),
(754, 'Fifi', 'Kneeshaw', 'fkneeshawkx@msu.edu', 'I2Xstc', 70),
(755, 'Merrilee', 'Schade', 'mschadeky@purevolume.com', 'JbgZXWEI', 233),
(756, 'Desiree', 'Felgate', 'dfelgatekz@gravatar.com', 'iCuUeFlj', 285),
(757, 'Fawn', 'Cappineer', 'fcappineerl0@bigcartel.com', 'f3rXjyY', 163),
(758, 'Janet', 'Queripel', 'jqueripell1@comcast.net', 'kgNgYly', 442),
(759, 'Ciel', 'Farrand', 'cfarrandl2@surveymonkey.com', 'b9RxkrA6x1sb', 208),
(760, 'Orelle', 'Coryndon', 'ocoryndonl3@phpbb.com', '8Gf1BHpgvGU2', 338),
(761, 'Darb', 'Exposito', 'dexpositol4@tinypic.com', 'uutVaaKe', 483),
(762, 'Michail', 'Junes', 'mjunesl5@unc.edu', 'dxqJZOY', 215),
(763, 'Carlos', 'Lundy', 'clundyl6@wikimedia.org', 'DRQ6M20c5', 205),
(764, 'Carolynn', 'Horrell', 'chorrelll7@weebly.com', '12MpzRGzKE', 193),
(765, 'Colver', 'Tayloe', 'ctayloel8@bbb.org', 'qZ9qck1nBs9S', 426),
(766, 'Jocelyne', 'Cronk', 'jcronkl9@psu.edu', '38Zmqk4LM6i3', 248),
(767, 'Pauly', 'Stennet', 'pstennetla@admin.ch', 'OWC0gbO', 314),
(768, 'Adan', 'Boothman', 'aboothmanlb@360.cn', 'cRQbNAZLx', 466),
(769, 'Samantha', 'Huish', 'shuishlc@guardian.co.uk', 'OMLuuTqu', 500),
(770, 'Glori', 'Kinneally', 'gkinneallyld@state.tx.us', 'MKmu3QzT', 61),
(771, 'Dylan', 'Barfitt', 'dbarfittle@army.mil', 'k0VgGMFa1', 373),
(772, 'Scotty', 'Collip', 'scolliplf@washingtonpost.com', 'Ys5YBo7AS9HN', 420),
(773, 'Georgi', 'Mingaud', 'gmingaudlg@statcounter.com', 'ADUOAfWf0HOs', 377),
(774, 'Denyse', 'Gillbard', 'dgillbardlh@state.gov', 'Fzn9Yo0UT', 284),
(775, 'Margeaux', 'Sturge', 'msturgeli@house.gov', 'MOUhtZG4', 266),
(776, 'Lilllie', 'Bretton', 'lbrettonlj@earthlink.net', '10ml3rpPXDJ', 363),
(777, 'Mar', 'Blumfield', 'mblumfieldlk@telegraph.co.uk', 'WSrGqBd0Kn', 486),
(778, 'Gabrielle', 'Stodit', 'gstoditll@surveymonkey.com', '1NESVU', 403),
(779, 'Dorie', 'Tommen', 'dtommenlm@state.tx.us', 'hGPCAjT', 297),
(780, 'Bruce', 'Kuschel', 'bkuschelln@technorati.com', '7tPn4S8Ug', 11),
(781, 'Stirling', 'Gaskall', 'sgaskalllo@twitter.com', 'AYVbhc', 65),
(782, 'Elle', 'Eagleston', 'eeaglestonlp@salon.com', 'cWC1YvG1F', 459),
(783, 'Karly', 'Boyes', 'kboyeslq@tuttocitta.it', 'bw1GhWow7', 179),
(784, 'Derry', 'Chadwick', 'dchadwicklr@topsy.com', 'F2DUhbhi', 79),
(785, 'Rakel', 'Alti', 'raltils@topsy.com', 'MIuiepv', 465),
(786, 'Garnet', 'Grand', 'ggrandlt@sbwire.com', '4qW2Lo7m2hk', 246),
(787, 'Yank', 'Stronach', 'ystronachlu@china.com.cn', '4a1dSV', 391),
(788, 'Karyn', 'Kenyam', 'kkenyamlv@webs.com', 'k11UO9qlw9h', 287),
(789, 'Lucretia', 'Bakes', 'lbakeslw@51.la', 'ttPGnixHO', 375),
(790, 'Claiborn', 'Awde', 'cawdelx@reuters.com', 'Oadjxmrky', 488),
(791, 'Andromache', 'Briers', 'abriersly@quantcast.com', 'XG1qENXMuX', 48),
(792, 'Carita', 'Kepling', 'ckeplinglz@statcounter.com', 'qMZaDO9WlB', 252),
(793, 'Marnie', 'Alliban', 'mallibanm0@tinyurl.com', '7ieHClSglVX', 246),
(794, 'Elissa', 'Hammelberg', 'ehammelbergm1@biblegateway.com', 'alGoPny', 353),
(795, 'Sandor', 'Atyeo', 'satyeom2@xinhuanet.com', 'BBAzTe', 246),
(796, 'Henryetta', 'Diver', 'hdiverm3@t.co', 'jWPBLl', 351),
(797, 'Meridel', 'Prudence', 'mprudencem4@myspace.com', 'B7uWni', 377),
(798, 'Siana', 'Minney', 'sminneym5@blogspot.com', '5KD3d8UoBk', 39),
(799, 'Dyane', 'Tonry', 'dtonrym6@latimes.com', 'AFCqAdAJ', 484),
(800, 'Amalie', 'Rosenblad', 'arosenbladm7@homestead.com', 'ImYSvs', 405),
(801, 'Shelby', 'Dufer', 'sduferm8@hp.com', 'lfILpKl', 418),
(802, 'Alfonso', 'Blankau', 'ablankaum9@addtoany.com', 'R8TCmbTcc0', 414),
(803, 'Maggee', 'Ubee', 'mubeema@google.de', '1fvkgnOO4Hk', 186),
(804, 'Leela', 'Floyde', 'lfloydemb@redcross.org', 'wjTVBxBF2L6Z', 137),
(805, 'Sandor', 'Sheeran', 'ssheeranmc@hubpages.com', 'SRbtQAtD', 174),
(806, 'Janka', 'Filliskirk', 'jfilliskirkmd@tonpost.com', 'MxxTTWM7B5', 41),
(807, 'Rem', 'Kynaston', 'rkynastonme@miitbeian.gov.cn', '8dYkxyLE7tqa', 84),
(808, 'Enrica', 'Beeden', 'ebeedenmf@feedburner.com', 'vgJEFupqab9k', 142),
(809, 'Henrie', 'Janouch', 'hjanouchmg@oakley.com', 'P6OKTMy5l', 242),
(810, 'Stepha', 'Goodliffe', 'sgoodliffemh@techcrunch.com', '90B4eZw', 165),
(811, 'Christopher', 'Portsmouth', 'cportsmouthmi@devhub.com', 'dY1nzFqs', 303),
(812, 'Cleopatra', 'Jarlmann', 'cjarlmannmj@dmoz.org', 'xpv3Hs8N5Z', 306),
(813, 'Giselle', 'Swinglehurst', 'gswinglehurstmk@chron.com', 'h7LGXrCl6WAu', 374),
(814, 'Philippe', 'Gornar', 'pgornarml@house.gov', 'vqSnrqPTn5D', 90),
(815, 'Jacqueline', 'Benitez', 'jbenitezmm@ihg.com', 'V1Vpkwc', 342),
(816, 'Rossy', 'Cassimer', 'rcassimermn@wired.com', 'PznlX8R6VSUW', 19),
(817, 'Virgina', 'Axon', 'vaxonmo@i2i.jp', 'FwJjBIge9', 198),
(818, 'Drucy', 'Stapylton', 'dstapyltonmp@alexa.com', 'S25U9TPgJ', 364),
(819, 'Florina', 'Elijah', 'felijahmq@thetimes.co.uk', 'PCrWtNdtjclD', 205),
(820, 'Antoine', 'Haggarty', 'ahaggartymr@moonfruit.com', 'r8094BB', 37),
(821, 'Fletch', 'Babin', 'fbabinms@yahoo.co.jp', 'jovFSWS5GJCl', 10),
(822, 'Drusilla', 'Lohrensen', 'dlohrensenmt@multiply.com', 'HtzQZc5', 93),
(823, 'Early', 'Cuningham', 'ecuninghammu@whitehouse.gov', 'Monu5FTLK2ug', 15),
(824, 'Josi', 'Breakey', 'jbreakeymv@taobao.com', 'iuRkPgbW', 405),
(825, 'Clarine', 'Frood', 'cfroodmw@behance.net', 'dWdGES', 342),
(826, 'Reinaldos', 'Bowshire', 'rbowshiremx@independent.co.uk', 'UqvL8D', 395),
(827, 'Honor', 'Fedder', 'hfeddermy@nps.gov', 'pTF3EshDDB', 9),
(828, 'Ladonna', 'Imbrey', 'limbreymz@stumbleupon.com', 'bBoFnHEQW', 488),
(829, 'Georas', 'Loosemore', 'gloosemoren0@hp.com', '36fzKW0xv', 104),
(830, 'Park', 'Haggus', 'phaggusn1@simplemachines.org', 'WVM3xRyw', 72),
(831, 'Delaney', 'Stainsby', 'dstainsbyn2@hibu.com', 'ue73QEEz0PG0', 22),
(832, 'Stefa', 'Dadge', 'sdadgen3@admin.ch', 'U5WwK8d4N', 486),
(833, 'Cherri', 'Algore', 'calgoren4@bizjournals.com', 'rfV7s6n', 479),
(834, 'Cassandry', 'Luchelli', 'cluchellin5@last.fm', 'NaZniSaN', 392),
(835, 'Emmery', 'Whoolehan', 'ewhoolehann6@nbcnews.com', 'sTmt1zF', 258),
(836, 'Percival', 'Gadsden', 'pgadsdenn7@miibeian.gov.cn', 'RYq1lNI', 427),
(837, 'Dniren', 'Esmead', 'desmeadn8@so-net.ne.jp', 'POuoLQ073J', 462),
(838, 'Maryanna', 'Knowlson', 'mknowlsonn9@theatlantic.com', '4uECJgXRJ1D', 32),
(839, 'Heindrick', 'Coulter', 'hcoulterna@bigcartel.com', 'z1Ny3J4', 417),
(840, 'Edgardo', 'Davidowich', 'edavidowichnb@plala.or.jp', 'ATpfai5', 108),
(841, 'Laurie', 'Hamblen', 'lhamblennc@indiatimes.com', 'ppTJc6WC1s57', 494),
(842, 'Lewiss', 'Belone', 'lbelonend@w3.org', 'Wd93kza2vrG6', 145),
(843, 'Carolus', 'Overil', 'coverilne@hud.gov', '5eoS1CHXS', 196),
(844, 'Clarisse', 'Worssam', 'cworssamnf@nih.gov', 'CQwNZbg0u', 495),
(845, 'Rhys', 'Segeswoeth', 'rsegeswoethng@bandcamp.com', 'nj1LrgQZFNO5', 350),
(846, 'Tilly', 'Pinnigar', 'tpinnigarnh@barnesandnoble.com', 'lYFj3rw6tbr', 351),
(847, 'Beryle', 'Backwell', 'bbackwellni@va.gov', '4Z4wE9', 282),
(848, 'Ruthann', 'Gofforth', 'rgofforthnj@omniture.com', 'SWvCt5A', 148),
(849, 'Rodina', 'Binner', 'rbinnernk@51.la', 'Cskqggtbw63', 355),
(850, 'Stan', 'Perrone', 'sperronenl@opera.com', 'IFdlFM6N', 112),
(851, 'Tedmund', 'L''Episcopi', 'tlepiscopinm@phpbb.com', 'NRcQTT9NYf', 145),
(852, 'Maggi', 'Monery', 'mmonerynn@miitbeian.gov.cn', 'zojrPtZkTWyP', 191),
(853, 'Marty', 'Wornum', 'mwornumno@comsenz.com', 'MmTd7rNrQLs', 386),
(854, 'Brook', 'Babb', 'bbabbnp@toplist.cz', 'eiYG6RnbHu', 227),
(855, 'Ferdinand', 'Poluzzi', 'fpoluzzinq@51.la', 'YBsYYOm3Dd', 67),
(856, 'Giacomo', 'Rankin', 'grankinnr@studiopress.com', 'x5qnH91', 115),
(857, 'Janos', 'Hanfrey', 'jhanfreyns@infoseek.co.jp', 'GQnj6p0AoJhq', 474),
(858, 'Reinaldos', 'Cowton', 'rcowtonnt@reuters.com', 'wOWeMfuYV', 383),
(859, 'Annabel', 'St. Ledger', 'astledgernu@homestead.com', '0w1momucE', 274),
(860, 'Will', 'Skingle', 'wskinglenv@google.cn', 'y1r6wc', 1),
(861, 'Marybeth', 'Luberti', 'mlubertinw@slate.com', '9m9kORgBLCh', 410),
(862, 'Alanna', 'Mapston', 'amapstonnx@trellian.com', 'NnrRHJEvIGE', 421),
(863, 'Zorina', 'Benninck', 'zbenninckny@oracle.com', 'duCEysPG9', 477),
(864, 'Kamillah', 'Postle', 'kpostlenz@phoca.cz', 'wSvBLFv8', 55),
(865, 'Inglis', 'Papes', 'ipapeso0@patch.com', 'JHjU94fBB0', 273),
(866, 'Corbet', 'Petriello', 'cpetrielloo1@xing.com', 'ttCPPDm', 19),
(867, 'Chariot', 'Kleiser', 'ckleisero2@technorati.com', 'VkghWZu9', 427),
(868, 'Shannah', 'Hinnerk', 'shinnerko3@studiopress.com', 'V6pq1DpJ', 354),
(869, 'Eduino', 'Hankinson', 'ehankinsono4@gizmodo.com', '7qrEuEzzl', 364),
(870, 'Adelheid', 'Davio', 'adavioo5@walmart.com', '07CSAzvovEZ', 286),
(871, 'Braden', 'Hourston', 'bhourstono6@abc.net.au', 'bLO8HXnZw', 360),
(872, 'Kennedy', 'Jenson', 'kjensono7@hp.com', 'E7YeIwMhlKf', 281),
(873, 'Leupold', 'Gillespie', 'lgillespieo8@japanpost.jp', 'wKzwlspU', 66),
(874, 'Mychal', 'Valdes', 'mvaldeso9@prnewswire.com', 'cILf3w', 494),
(875, 'Arline', 'Mc Harg', 'amchargoa@soup.io', 'sWYAhF', 46),
(876, 'Benetta', 'Heinz', 'bheinzob@shareasale.com', 'p20LRDrjy7', 360),
(877, 'Galvan', 'O''Cannon', 'gocannonoc@wordpress.org', 't1RwyZu', 263),
(878, 'Sharai', 'Leyninye', 'sleyninyeod@va.gov', 'Wdi8xllwd9', 23),
(879, 'Fionna', 'Camidge', 'fcamidgeoe@mac.com', 'YbsGAnUc7T', 158),
(880, 'Roderick', 'Amorts', 'ramortsof@independent.co.uk', 'xehRBvBfFIq', 10),
(881, 'Colman', 'Pendle', 'cpendleog@simplemachines.org', 'hJ2RL8EyClC', 246),
(882, 'Minta', 'Orry', 'morryoh@dot.gov', 'MfqTOz3L', 208),
(883, 'Stanton', 'Eggins', 'segginsoi@furl.net', 'vfQgegvuc', 492),
(884, 'Ansley', 'Gonning', 'agonningoj@sciencedirect.com', 'n7NjebaIjon', 396),
(885, 'Erasmus', 'McSharry', 'emcsharryok@youtu.be', 'tG3tB6wF9b', 218),
(886, 'Octavius', 'Warbys', 'owarbysol@sohu.com', '8bMEyKOiLrU', 324),
(887, 'Chaim', 'Sentance', 'csentanceom@ucoz.com', '4q9VSxMh6iRU', 309),
(888, 'Reinald', 'Tumini', 'rtuminion@google.com.hk', 'DiP0o0', 386),
(889, 'Mathe', 'Boots', 'mbootsoo@i2i.jp', 'pc2WTTA', 260),
(890, 'Jonis', 'Alfonsini', 'jalfonsiniop@a8.net', 'fipPv6WuN', 52),
(891, 'Silvan', 'Vidyapin', 'svidyapinoq@ebay.com', 'AXCYuJn7', 339),
(892, 'Shannon', 'Byard', 'sbyardor@liveinternet.ru', 'idNBV3aMSLY', 297),
(893, 'Celestia', 'Balke', 'cbalkeos@webnode.com', 'yPflIZboy0Z', 261),
(894, 'Dallas', 'Melloy', 'dmelloyot@gmpg.org', 'Gn5b5CxIKQlr', 289),
(895, 'Gaby', 'Bice', 'gbiceou@bizjournals.com', 'rtSsXSICTDi4', 433),
(896, 'Nariko', 'Pardi', 'npardiov@eepurl.com', 'c6gNrsAyt', 216),
(897, 'Desmond', 'Streatfield', 'dstreatfieldow@dailymail.co.uk', 'JOmVBC', 103),
(898, 'Rodina', 'Steger', 'rstegerox@delicious.com', 'JcY6E94l9Bj', 454),
(899, 'Rodolphe', 'McLeoid', 'rmcleoidoy@samsung.com', 'MWdx075te', 136),
(900, 'Rafaellle', 'Mathys', 'rmathysoz@com.com', 'C6M49WXQj', 330),
(901, 'Rurik', 'Bounds', 'rboundsp0@ebay.com', 'ljrZxzbw', 262),
(902, 'Mureil', 'Jarret', 'mjarretp1@rambler.ru', 'PiGWhv', 461),
(903, 'Vasilis', 'DeSousa', 'vdesousap2@scribd.com', 'g8PUgVp', 308),
(904, 'Jodee', 'McSharry', 'jmcsharryp3@google.ca', 'rsrbebDyk2c', 434),
(905, 'Nowell', 'Iddison', 'niddisonp4@chron.com', 'XL0hkCUiQjFW', 500),
(906, 'Nikkie', 'Danels', 'ndanelsp5@nifty.com', 'NSzweKMbT3', 289),
(907, 'Bartie', 'Hamfleet', 'bhamfleetp6@cisco.com', 'XZToPk9Um', 69),
(908, 'Hadria', 'Doe', 'hdoep7@bluehost.com', 'F6PYqJHRrCm8', 446),
(909, 'Elihu', 'Humphery', 'ehumpheryp8@behance.net', 'djoqVxvZA', 444),
(910, 'Rodi', 'Pickles', 'rpicklesp9@ifeng.com', 'VftEcATnN4Ro', 456),
(911, 'Kathlin', 'Morican', 'kmoricanpa@1und1.de', 'FTdKKLLdZ', 295),
(912, 'Petey', 'D''Enrico', 'pdenricopb@skype.com', 'HS2m92DMKTNX', 58),
(913, 'Wyndham', 'Hayden', 'whaydenpc@uiuc.edu', '2ZDGrQps', 453),
(914, 'Gerry', 'Chrichton', 'gchrichtonpd@imdb.com', 'WeQZ2Y', 496),
(915, 'Bev', 'Huckle', 'bhucklepe@diigo.com', 'X2AsoG3ofW', 335),
(916, 'Omero', 'Follit', 'ofollitpf@lulu.com', '7o5KaVL4eJC', 472),
(917, 'Hedwig', 'Sherrin', 'hsherrinpg@wikia.com', 'TVgDJ9', 1),
(918, 'Wally', 'Lathwell', 'wlathwellph@bravesites.com', 't7eK6v', 6),
(919, 'Zolly', 'Traill', 'ztraillpi@independent.co.uk', 'EjWX6cIUCnS', 348),
(920, 'Stepha', 'Dudek', 'sdudekpj@mtv.com', 'FVYk0zxH', 334),
(921, 'Anthia', 'Cherryman', 'acherrymanpk@rediff.com', 'in1exfaRzd8S', 262),
(922, 'Heindrick', 'Clopton', 'hcloptonpl@yolasite.com', '5Kc3ZpE8CdDC', 199),
(923, 'Ermanno', 'Kobierzycki', 'ekobierzyckipm@sohu.com', 'N5WOOd', 190),
(924, 'Dar', 'Sowthcote', 'dsowthcotepn@dropbox.com', 'WupbPkoKk5', 327),
(925, 'Bartholomeus', 'Woolerton', 'bwoolertonpo@google.it', '8tQJekm', 360),
(926, 'Lela', 'Cockburn', 'lcockburnpp@nsw.gov.au', '2s02YZj', 438),
(927, 'Hammad', 'Gallelli', 'hgallellipq@photobucket.com', '0dSWSu', 334),
(928, 'Amie', 'Aguirrezabala', 'aaguirrezabalapr@solutions.com', 'LEnseFjvoD', 342),
(929, 'Moshe', 'Tarbert', 'mtarbertps@foxnews.com', 's7b1VvQ', 405),
(930, 'Zabrina', 'Peirson', 'zpeirsonpt@multiply.com', 'KKwSOS', 251),
(931, 'Laurette', 'Yushankin', 'lyushankinpu@qq.com', 'OwxNVOYAfQEh', 421),
(932, 'Jennette', 'Gillibrand', 'jgillibrandpv@bbb.org', 'F8EbfQPFXhT', 268),
(933, 'Nobe', 'Conaghy', 'nconaghypw@csmonitor.com', 'juJKE0YL', 416),
(934, 'Gusella', 'McCartney', 'gmccartneypx@slate.com', '5dHTGUM', 316),
(935, 'Thorstein', 'Benham', 'tbenhampy@blinklist.com', 'YTRCWkM4Ha', 461),
(936, 'Charmane', 'Durtnall', 'cdurtnallpz@stanford.edu', 'fZ249B', 465),
(937, 'Ame', 'Lassell', 'alassellq0@independent.co.uk', 'JPGG2SW18G1', 368),
(938, 'Flossy', 'Smaling', 'fsmalingq1@unblog.fr', 'wIad6LrXDL', 436),
(939, 'Kimball', 'Slevin', 'kslevinq2@loc.gov', 'reNaapO', 440),
(940, 'Cindie', 'Summerside', 'csummersideq3@loc.gov', 'guQ5duE7pKC', 217),
(941, 'Lon', 'Slucock', 'lslucockq4@ca.gov', 'X6i6MDPM2', 222),
(942, 'Gale', 'Garfitt', 'ggarfittq5@wikipedia.org', '3bjWwX', 428),
(943, 'Gav', 'Zwicker', 'gzwickerq6@webeden.co.uk', '5WmgCR', 425),
(944, 'Lara', 'Yushkin', 'lyushkinq7@amazon.co.jp', 'MVKrEpIi3Yx', 314),
(945, 'Katherina', 'Peatt', 'kpeattq8@abc.net.au', 'sfXUcy', 325),
(946, 'Gabby', 'Cuttles', 'gcuttlesq9@jigsy.com', 'didjz5zsW7z', 261),
(947, 'Lily', 'Stower', 'lstowerqa@hao123.com', 'n8VfUG', 488),
(948, 'Nickie', 'Cavozzi', 'ncavozziqb@businesswire.com', 'ntvy3IEZCLa', 85),
(949, 'Shell', 'Margarson', 'smargarsonqc@twitpic.com', 'uKnX4BoPu', 111),
(950, 'Bryna', 'Ida', 'bidaqd@bizjournals.com', '5WcQc0CL', 437),
(951, 'Emmaline', 'Beynkn', 'ebeynknqe@jalbum.net', 'FabXDmQ', 359),
(952, 'Raphael', 'Pyett', 'rpyettqf@wunderground.com', 'w5rOCQH5q', 367),
(953, 'Thane', 'Pulbrook', 'tpulbrookqg@fc2.com', 'wXaBfzsl', 36),
(954, 'Ethel', 'Horry', 'ehorryqh@abc.net.au', 'c5obu8YzRbQ', 282),
(955, 'Magdaia', 'Fearney', 'mfearneyqi@ftc.gov', 'gSGBoYj', 88),
(956, 'Lexis', 'Thursby', 'lthursbyqj@godaddy.com', 'cS5rTT', 218),
(957, 'Masha', 'Southeran', 'msoutheranqk@vimeo.com', '4EMUoMd3lIH', 328),
(958, 'Iseabal', 'Mattiazzo', 'imattiazzoql@gov.uk', 'y9vWk7nSdQD', 412),
(959, 'Sheelagh', 'Ayris', 'sayrisqm@wired.com', 'BXOlEZ', 153),
(960, 'Abbe', 'St. John', 'astjohnqn@pinterest.com', 'TwFByoBg', 291),
(961, 'Arri', 'Arnauduc', 'aarnauducqo@xrea.com', 'vAhc3PbU', 224),
(962, 'Ephrayim', 'MacGeaney', 'emacgeaneyqp@sitemeter.com', 'sr3THB0ROdq', 138),
(963, 'Janice', 'Riddick', 'jriddickqq@chicagotribune.com', 'quIgTYb', 152),
(964, 'Wayland', 'Fitchew', 'wfitchewqr@reddit.com', '2M0bsH7HVo', 430),
(965, 'Darice', 'Mellows', 'dmellowsqs@360.cn', 'haQknL1nV', 214),
(966, 'Eulalie', 'Shearer', 'eshearerqt@github.com', 'BY3sHS52W10L', 404),
(967, 'Kendall', 'Sharville', 'ksharvillequ@taobao.com', '3IAf2NFy', 30),
(968, 'Siegfried', 'Ladbrooke', 'sladbrookeqv@deliciousdays.com', '2DcVqmWBZFv', 20),
(969, 'Rogerio', 'Knapper', 'rknapperqw@statcounter.com', '5jZhkhYSVF5F', 42),
(970, 'Vi', 'Reveley', 'vreveleyqx@exblog.jp', 'ySeOxnDIUZN', 102),
(971, 'Francesca', 'Janko', 'fjankoqy@google.com', '3Os6KQ4aywV', 480),
(972, 'Bowie', 'Oxberry', 'boxberryqz@bloglovin.com', 'YWzHBGzZ', 116),
(973, 'Viv', 'Bell', 'vbellr0@theglobeandmail.com', 'j979k7XGjg4K', 196),
(974, 'Tiler', 'Harback', 'tharbackr1@bbc.co.uk', 'bMKag0B91f', 434),
(975, 'Cicily', 'Maletratt', 'cmaletrattr2@qq.com', 'toeYdz', 290),
(976, 'Harwilll', 'Pencot', 'hpencotr3@ucla.edu', 'lXMCyOd', 259),
(977, 'Donny', 'Bilofsky', 'dbilofskyr4@bloglines.com', 'AmXAeJJuGls', 201),
(978, 'Daffie', 'Ballinger', 'dballingerr5@desdev.cn', 'FPrJOkrfvs', 490),
(979, 'Northrup', 'Lough', 'nloughr6@paginegialle.it', 'GOvjTW7mtF', 150),
(980, 'Silvio', 'Joblin', 'sjoblinr7@shinystat.com', 'aeCYGx', 29),
(981, 'Torey', 'Cutchie', 'tcutchier8@moonfruit.com', 'sgYdWuzY', 485),
(982, 'Llewellyn', 'Sinkinson', 'lsinkinsonr9@csmonitor.com', '3WYnUyW8ITn7', 174),
(983, 'Coriss', 'Chsteney', 'cchsteneyra@booking.com', 'Pxp3wPu1g', 424),
(984, 'Salim', 'Bryce', 'sbrycerb@constantcontact.com', 'aI9XfJQ8p0D', 187),
(985, 'Elie', 'Maestro', 'emaestrorc@amazon.co.uk', 'WODiZU', 20),
(986, 'Cesar', 'Yannikov', 'cyannikovrd@so-net.ne.jp', 'gi8hft', 96),
(987, 'Vina', 'Hlavac', 'vhlavacre@paypal.com', '3ack3i', 309),
(988, 'Ingeborg', 'Godlee', 'igodleerf@so-net.ne.jp', 'QxtBoBAZegEH', 209),
(989, 'Mia', 'Killough', 'mkilloughrg@fc2.com', 'nrn88fhDj', 68),
(990, 'Wileen', 'Tomalin', 'wtomalinrh@desdev.cn', 'gDUL3uPKvRO', 271),
(991, 'Andee', 'O''Sharry', 'aosharryri@scribd.com', 'o5GWA1Vxe', 239),
(992, 'Robyn', 'Garham', 'rgarhamrj@linkedin.com', 'RAESLJ8', 67),
(993, 'Dorothea', 'Eastlake', 'deastlakerk@redcross.org', 'pOgLTU', 128),
(994, 'Freida', 'Leonards', 'fleonardsrl@ebay.com', 'M8oBDaIz0Mv6', 130),
(995, 'Nat', 'Fitzgerald', 'nfitzgeraldrm@51.la', '298I6ggy1yRF', 9),
(996, 'Rutter', 'Pimmocke', 'rpimmockern@stumbleupon.com', 'RCD5Q86D9jip', 499),
(997, 'Izak', 'Grumley', 'igrumleyro@apache.org', '4IHhUvgs', 478),
(998, 'Belia', 'Arboin', 'barboinrp@washington.edu', 'mXleKgUdt', 443),
(999, 'Obie', 'Zimmerman', 'ozimmermanrq@cnet.com', 'G9OoCWPlF8', 477),
(1000, 'Anselm', 'McVee', 'amcveerr@123-reg.co.uk', '4Q9af8oDGmW', 40);

insert into PLAY (id_game, id_system_user, completed) values (77, 850, false),
(13, 501, true),
(59, 375, false),
(88, 218, false),
(91, 127, false),
(38, 728, true),
(41, 980, true),
(99, 33, false),
(91, 432, false),
(98, 940, false),
(31, 38, true),
(45, 695, false),
(16, 175, false),
(14, 492, true),
(48, 116, false),
(34, 269, true),
(12, 182, false),
(100, 612, true),
(45, 408, false),
(41, 712, false),
(55, 952, false),
(60, 39, false),
(45, 738, true),
(20, 168, true),
(39, 903, true),
(28, 597, false),
(59, 252, false),
(50, 52, true),
(93, 155, false),
(72, 964, false),
(39, 963, false),
(28, 584, false),
(22, 516, true),
(64, 443, true),
(6, 176, true),
(24, 34, false),
(2, 82, false),
(98, 142, true),
(23, 90, false),
(38, 527, false),
(22, 486, true),
(73, 678, true),
(68, 775, false),
(10, 959, false),
(61, 896, false),
(72, 726, false),
(48, 375, false),
(93, 389, false),
(26, 775, false),
(65, 948, false),
(93, 320, true),
(72, 320, false),
(24, 560, true),
(63, 488, true),
(87, 774, false),
(53, 827, true),
(26, 852, true),
(24, 586, false),
(78, 441, true),
(10, 329, true),
(72, 484, false),
(10, 206, true),
(76, 346, false),
(21, 34, false),
(27, 131, false),
(46, 256, false),
(43, 952, true),
(86, 757, true),
(24, 718, true),
(30, 996, false),
(20, 269, false),
(13, 605, true),
(93, 757, false),
(88, 431, false),
(95, 935, true),
(66, 266, true),
(11, 459, false),
(68, 716, true),
(10, 267, true),
(79, 362, false),
(31, 786, true),
(50, 464, false),
(12, 528, false),
(67, 222, true),
(19, 192, false),
(2, 979, false),
(6, 659, true),
(33, 751, false),
(78, 381, false),
(88, 349, false),
(66, 36, false),
(84, 820, false),
(16, 252, true),
(53, 141, true),
(50, 844, true),
(55, 747, true),
(98, 798, false),
(37, 436, true),
(62, 39, true),
(35, 118, false),
(85, 358, false),
(86, 593, true),
(50, 60, true),
(33, 164, false),
(18, 427, true),
(96, 201, false),
(82, 165, true),
(37, 97, true),
(66, 343, true),
(69, 806, true),
(51, 496, false),
(25, 547, true),
(96, 810, false),
(24, 975, false),
(98, 809, false),
(30, 154, true),
(17, 382, true),
(16, 256, false),
(16, 436, true),
(1, 614, true),
(13, 916, true),
(67, 661, false),
(65, 480, false),
(21, 317, true),
(94, 405, false),
(27, 411, true),
(34, 360, false),
(58, 899, true),
(81, 365, true),
(86, 478, true),
(72, 629, false),
(1, 281, false),
(45, 778, false),
(51, 583, false),
(28, 981, false),
(61, 580, false),
(97, 658, true),
(29, 15, false),
(52, 329, true),
(94, 848, true),
(16, 425, true),
(73, 732, true),
(61, 776, false),
(73, 670, false),
(40, 921, true),
(8, 814, false),
(22, 862, true),
(9, 437, false),
(50, 261, false),
(16, 891, true),
(98, 181, false),
(96, 95, true),
(99, 174, true),
(42, 638, false),
(20, 21, false),
(91, 752, false),
(78, 979, true),
(64, 549, true),
(73, 12, true),
(58, 52, true),
(100, 289, false),
(45, 176, true),
(74, 602, true),
(17, 897, true),
(72, 471, false),
(54, 42, false),
(39, 720, true),
(14, 638, false),
(39, 971, false),
(15, 23, false),
(75, 37, false),
(75, 926, false),
(7, 55, true),
(69, 928, false),
(74, 815, false),
(56, 689, true),
(85, 265, true),
(30, 44, true),
(13, 845, false),
(60, 400, true),
(43, 911, false),
(24, 365, true),
(95, 541, true),
(30, 737, false),
(58, 701, false),
(55, 104, true),
(71, 75, false),
(33, 182, true),
(72, 948, true),
(100, 576, true),
(71, 662, false),
(67, 15, false),
(13, 719, false),
(64, 78, false),
(18, 742, true),
(11, 825, false),
(13, 995, true),
(44, 362, true),
(60, 323, false),
(74, 766, true),
(72, 96, false),
(42, 966, false),
(39, 585, true),
(9, 325, true),
(42, 169, false),
(38, 480, true),
(37, 703, true),
(17, 252, false),
(99, 138, false),
(34, 418, false),
(83, 137, true),
(48, 669, false),
(21, 683, true),
(17, 630, false),
(97, 990, true),
(91, 721, true),
(71, 827, false),
(10, 435, true),
(51, 62, false),
(34, 668, true),
(15, 501, false),
(12, 634, true),
(8, 655, false),
(42, 392, false),
(40, 415, true),
(77, 130, true),
(43, 198, false),
(38, 723, true),
(64, 7, false),
(66, 763, true),
(45, 824, true),
(56, 370, false),
(95, 508, true),
(6, 638, true),
(25, 542, true),
(42, 865, true),
(96, 680, false),
(21, 617, true),
(58, 732, false),
(41, 332, false),
(80, 490, false),
(53, 8, false),
(37, 250, false),
(60, 741, false),
(6, 633, true),
(83, 918, true),
(58, 822, true),
(56, 10, false),
(60, 528, false),
(81, 239, false),
(3, 569, false),
(80, 132, true),
(3, 58, true),
(82, 963, false),
(100, 869, true),
(99, 219, false),
(62, 48, true),
(56, 378, false),
(72, 401, false),
(31, 579, true),
(82, 945, false),
(59, 839, false),
(77, 980, false),
(16, 865, false),
(97, 584, true),
(21, 787, false),
(98, 52, true),
(38, 977, false),
(12, 766, false),
(33, 561, false),
(36, 494, true),
(3, 269, true),
(53, 899, false),
(24, 898, false),
(100, 527, true),
(44, 459, false),
(59, 322, true),
(88, 249, true),
(69, 287, true),
(43, 221, true),
(12, 165, true),
(83, 52, true),
(28, 362, true),
(99, 812, true),
(97, 708, true),
(34, 322, true),
(31, 605, true),
(1, 944, false),
(72, 966, false),
(58, 340, false),
(83, 687, false),
(70, 795, false),
(43, 67, false),
(41, 321, true),
(62, 397, true),
(55, 787, true),
(98, 704, false),
(1, 145, false),
(65, 206, true),
(41, 123, true),
(13, 90, true),
(84, 325, true),
(62, 281, false),
(93, 139, false),
(17, 244, false),
(99, 329, true),
(93, 671, false),
(3, 876, true),
(49, 3, true),
(65, 234, false),
(38, 750, true),
(95, 301, false),
(15, 795, true),
(71, 188, true),
(95, 774, false),
(57, 637, true),
(29, 754, false),
(75, 522, true),
(65, 249, false),
(51, 593, true),
(77, 5, false),
(59, 260, false),
(96, 223, false),
(76, 514, true),
(66, 218, true),
(51, 837, false),
(51, 720, false),
(48, 762, false),
(52, 979, false),
(47, 2, true),
(85, 571, true),
(59, 316, false),
(38, 938, true),
(74, 685, true),
(96, 502, true),
(29, 554, true),
(77, 141, false),
(17, 159, false),
(49, 78, true),
(70, 507, false),
(84, 516, false),
(96, 480, false),
(69, 925, true),
(86, 721, true),
(36, 59, true),
(13, 683, true),
(55, 28, false),
(86, 364, false),
(41, 543, true),
(59, 872, false),
(95, 33, false),
(79, 650, false),
(64, 650, true),
(99, 644, false),
(44, 487, true),
(6, 897, false),
(79, 427, true),
(83, 755, false),
(77, 650, true),
(77, 367, false),
(12, 799, true),
(48, 331, false),
(52, 600, false),
(7, 317, false),
(68, 82, false),
(30, 174, false),
(78, 747, false),
(49, 567, false),
(71, 45, false),
(32, 119, false),
(32, 54, false),
(32, 902, true),
(32, 708, false),
(32, 13, true),
(40, 429, false),
(66, 703, true),
(32, 70, false),
(77, 763, true),
(52, 844, false),
(88, 531, false),
(73, 682, false),
(27, 786, false),
(69, 283, false),
(67, 834, true),
(63, 950, true),
(82, 408, true),
(62, 404, false),
(72, 936, true),
(67, 404, false),
(42, 212, false),
(88, 416, false),
(32, 703, false),
(35, 442, true),
(8, 310, true),
(91, 722, false),
(71, 249, true),
(36, 161, false),
(82, 321, false),
(61, 201, false),
(98, 632, false),
(71, 86, false),
(17, 807, false),
(31, 506, true),
(42, 187, false),
(3, 897, true),
(36, 255, true),
(95, 920, false),
(57, 294, true),
(76, 833, false),
(71, 8, true),
(8, 648, true),
(90, 293, false),
(74, 53, false),
(31, 210, true),
(83, 128, true),
(60, 845, true),
(15, 826, false),
(61, 543, true),
(26, 308, false),
(41, 706, true),
(43, 206, false),
(44, 192, true),
(38, 385, false),
(23, 430, true),
(98, 113, false),
(42, 322, true),
(2, 405, true),
(44, 233, false),
(89, 464, true),
(86, 469, true),
(76, 315, false),
(88, 48, true),
(80, 295, true),
(89, 615, false),
(32, 53, true),
(45, 379, false),
(13, 425, true),
(22, 406, false),
(67, 823, false),
(25, 865, false),
(97, 401, false),
(17, 699, true),
(15, 345, true),
(30, 113, false),
(21, 650, true),
(71, 708, true),
(64, 464, false),
(13, 201, false),
(15, 730, true),
(18, 252, true),
(89, 705, false),
(87, 290, true),
(56, 38, false),
(46, 13, false),
(91, 832, false),
(64, 155, true),
(27, 350, false),
(50, 665, true),
(88, 796, false),
(67, 492, true),
(100, 547, false),
(80, 786, true),
(17, 362, false),
(18, 814, false),
(19, 761, true),
(21, 187, true),
(11, 273, true),
(73, 799, true),
(89, 487, true),
(65, 336, true),
(10, 832, true),
(72, 829, false),
(1, 905, true),
(70, 909, false),
(42, 948, true),
(64, 989, false),
(72, 451, true),
(94, 824, false),
(8, 217, true),
(31, 42, true),
(86, 614, false),
(72, 959, true),
(47, 665, false),
(93, 456, false),
(51, 804, true),
(9, 393, false),
(70, 148, false),
(18, 927, false),
(16, 742, false),
(50, 113, true),
(72, 728, false),
(79, 839, false),
(7, 235, false),
(37, 340, true),
(68, 324, false),
(36, 221, false),
(17, 1, true),
(57, 94, false),
(60, 754, false),
(84, 605, true),
(19, 520, false),
(40, 951, false),
(14, 249, true),
(41, 846, false),
(64, 472, true),
(10, 963, true),
(71, 796, false),
(25, 766, true),
(47, 992, false),
(31, 131, false),
(61, 47, true),
(59, 773, true),
(61, 320, true),
(60, 274, true),
(3, 69, true),
(59, 343, false),
(45, 789, false),
(3, 751, false),
(54, 946, true),
(99, 289, true),
(40, 697, true),
(63, 960, false),
(83, 812, false),
(38, 844, false),
(9, 829, false),
(14, 161, true),
(41, 895, false),
(13, 753, false),
(70, 888, false),
(75, 797, true),
(92, 830, true),
(48, 823, false),
(35, 989, false),
(80, 701, true),
(15, 9, true),
(69, 497, false),
(86, 984, false),
(10, 26, true),
(31, 533, true),
(11, 905, false),
(3, 171, false),
(67, 914, true),
(57, 792, false),
(49, 728, false),
(11, 873, false),
(79, 68, true),
(76, 452, true),
(42, 489, false),
(84, 873, false),
(11, 797, false),
(72, 251, true),
(3, 438, true),
(19, 256, false),
(60, 394, true),
(86, 328, false),
(82, 238, false),
(72, 593, false),
(22, 966, true),
(73, 683, true),
(90, 423, false),
(38, 372, true),
(41, 793, false),
(72, 208, false),
(16, 860, false),
(58, 940, false),
(93, 918, false),
(94, 929, true),
(21, 483, false),
(66, 245, false),
(55, 762, false),
(71, 172, false),
(11, 147, true),
(73, 986, true),
(84, 457, true),
(85, 481, false),
(84, 638, false),
(40, 356, false),
(26, 552, true),
(9, 72, true),
(42, 157, true),
(7, 783, false),
(37, 572, true),
(35, 998, true),
(74, 89, false),
(69, 838, false),
(21, 165, true),
(46, 689, false),
(45, 941, false),
(85, 387, false),
(48, 332, true),
(38, 517, true),
(8, 286, false),
(88, 366, false),
(71, 835, true),
(3, 810, false),
(27, 429, true),
(95, 684, false),
(32, 98, true),
(78, 962, false),
(30, 117, false),
(29, 408, true),
(20, 335, false),
(45, 145, true),
(50, 973, true),
(46, 202, false),
(44, 356, true),
(64, 773, false),
(27, 423, true),
(92, 848, false),
(60, 637, true),
(56, 165, false),
(11, 784, false),
(3, 470, false),
(10, 775, false),
(73, 501, true),
(26, 572, true),
(6, 612, true),
(88, 662, false),
(87, 610, true),
(26, 965, true),
(27, 810, false),
(26, 612, true),
(98, 252, false),
(65, 130, false),
(17, 341, false),
(51, 67, true),
(30, 128, true),
(79, 842, true),
(16, 938, false),
(41, 587, true),
(63, 765, false),
(72, 632, true),
(99, 41, true),
(50, 352, true),
(30, 501, false),
(87, 775, false),
(43, 374, false),
(62, 460, false),
(76, 393, true),
(2, 852, true),
(95, 348, true),
(30, 940, false),
(29, 286, false),
(8, 81, false),
(88, 600, false),
(71, 759, false),
(79, 375, false),
(1, 62, false),
(43, 7, false),
(82, 207, true),
(51, 768, false),
(36, 516, false),
(38, 902, true),
(94, 127, false),
(66, 853, true),
(1, 717, false),
(26, 737, false),
(88, 668, true),
(72, 988, true),
(6, 274, true),
(35, 409, true),
(17, 642, true),
(17, 632, true),
(59, 593, false),
(19, 566, false),
(26, 893, false),
(68, 706, true),
(83, 202, false),
(32, 490, true),
(67, 754, false),
(94, 834, true),
(25, 155, true),
(17, 812, false),
(3, 89, false),
(82, 50, false),
(52, 179, true),
(3, 982, true),
(48, 241, false),
(25, 372, true),
(40, 114, false),
(70, 442, false),
(51, 913, true),
(85, 906, false),
(75, 563, true),
(84, 39, true),
(88, 582, false),
(83, 31, true),
(30, 778, false),
(67, 891, true),
(9, 347, false),
(22, 505, false),
(93, 184, false),
(82, 257, false),
(93, 551, false),
(94, 637, false),
(51, 577, false),
(70, 912, false),
(13, 786, false),
(81, 638, true),
(26, 364, false),
(11, 894, false),
(45, 360, false),
(32, 393, false),
(73, 946, false),
(15, 26, false),
(22, 480, true),
(62, 809, false),
(80, 729, false),
(24, 973, true),
(64, 874, true),
(63, 564, true),
(33, 739, false),
(75, 529, false),
(92, 878, false),
(35, 734, true),
(99, 154, true),
(26, 194, true),
(47, 475, true),
(91, 491, false),
(85, 878, true),
(84, 715, false),
(1, 135, false),
(2, 898, false),
(79, 407, false),
(37, 793, true),
(23, 927, false),
(72, 289, true),
(94, 403, true),
(96, 921, true),
(37, 937, true),
(26, 788, true),
(54, 94, true),
(58, 235, true),
(33, 854, false),
(99, 48, true),
(41, 122, true),
(52, 549, true),
(64, 818, false),
(1, 876, true),
(65, 52, true),
(36, 461, false),
(72, 636, true),
(66, 569, true),
(24, 631, false),
(1, 263, true),
(9, 566, true),
(89, 315, true),
(99, 113, true),
(49, 317, false),
(76, 517, true),
(12, 376, false),
(47, 846, true),
(94, 923, false),
(86, 775, true),
(89, 661, true),
(82, 761, true),
(96, 627, false),
(89, 845, false),
(19, 370, false),
(11, 973, true),
(42, 867, true),
(33, 461, true),
(63, 187, true),
(39, 516, true),
(3, 750, false),
(24, 729, false),
(52, 411, false),
(26, 592, true),
(71, 57, false),
(96, 632, false),
(39, 61, false),
(80, 692, false),
(6, 265, false),
(50, 350, false),
(40, 916, false),
(82, 409, false),
(54, 999, false),
(98, 35, true),
(7, 71, false),
(60, 869, true),
(10, 451, false),
(65, 156, true),
(7, 360, true),
(12, 218, false),
(73, 563, false),
(19, 187, true),
(9, 480, true),
(67, 205, false),
(93, 988, true),
(39, 862, false),
(12, 813, false),
(63, 847, true),
(81, 327, false),
(74, 682, true),
(9, 313, true),
(42, 378, false),
(39, 81, true),
(50, 456, true),
(53, 570, false),
(69, 417, true),
(45, 899, true),
(93, 720, false),
(31, 674, true),
(25, 930, false),
(28, 569, true),
(21, 564, true),
(59, 454, false),
(95, 452, false),
(6, 303, false),
(94, 818, true),
(28, 86, true),
(72, 893, false),
(62, 294, true),
(69, 555, true),
(53, 82, false),
(51, 119, true),
(83, 790, false),
(11, 123, true),
(58, 742, true),
(67, 941, true),
(45, 720, true),
(65, 303, false),
(41, 589, true),
(85, 763, true),
(36, 309, true),
(57, 461, false),
(74, 3, true),
(37, 869, true),
(89, 380, false),
(8, 236, false),
(56, 676, false),
(67, 357, false),
(54, 300, false),
(17, 879, true),
(64, 13, true),
(55, 192, true),
(25, 48, true),
(13, 998, true),
(80, 135, false),
(28, 697, true),
(34, 772, false),
(64, 410, false),
(48, 3, true),
(37, 228, true),
(52, 109, false),
(31, 144, false),
(15, 271, true),
(88, 139, false),
(45, 388, false),
(60, 815, true),
(66, 900, true),
(34, 271, true),
(64, 981, false),
(14, 585, false),
(29, 390, false),
(91, 424, false),
(10, 742, false),
(25, 87, true),
(43, 276, false),
(52, 886, true),
(50, 869, true),
(20, 883, true),
(72, 28, false),
(84, 759, false),
(11, 361, false),
(77, 712, true),
(21, 766, false),
(76, 535, true),
(67, 777, true),
(62, 766, true),
(80, 376, false),
(80, 927, true),
(82, 433, true),
(18, 499, true),
(14, 162, true),
(74, 793, false),
(98, 989, true),
(27, 586, false),
(21, 790, false),
(92, 488, true),
(19, 961, true),
(70, 316, true),
(54, 645, true),
(94, 528, false),
(96, 957, true),
(12, 487, true),
(84, 424, false),
(39, 527, false),
(92, 903, false),
(84, 425, true),
(78, 356, true),
(28, 716, false),
(44, 838, false),
(98, 752, false),
(99, 676, true),
(83, 863, false),
(72, 984, true),
(31, 913, true),
(53, 177, false),
(77, 915, true),
(85, 552, true),
(90, 306, false),
(77, 633, false),
(61, 54, false),
(22, 782, false),
(73, 843, true),
(42, 158, false),
(39, 460, true),
(11, 572, false),
(57, 230, false),
(39, 538, true),
(59, 478, true),
(6, 672, true),
(8, 277, true),
(52, 331, true),
(19, 470, true),
(94, 755, true),
(13, 124, true),
(75, 180, true),
(21, 943, false),
(43, 546, false),
(11, 386, true),
(30, 499, true),
(72, 325, false),
(94, 238, true),
(47, 912, false),
(61, 832, false),
(57, 291, false),
(2, 577, false),
(18, 586, true),
(51, 507, false),
(28, 682, false),
(55, 857, false),
(2, 817, true),
(86, 45, false),
(67, 835, true),
(16, 597, true),
(80, 482, true),
(45, 36, false),
(10, 426, true),
(63, 339, true),
(19, 848, false),
(62, 598, false),
(87, 145, false),
(86, 742, false),
(54, 839, true),
(87, 617, true),
(64, 374, false),
(41, 42, false),
(24, 577, false),
(16, 617, false),
(80, 140, false),
(21, 114, false),
(79, 617, true),
(99, 300, false),
(64, 334, false),
(86, 200, false),
(69, 331, true),
(18, 265, true),
(87, 185, true),
(69, 812, false),
(28, 27, false),
(100, 627, true),
(96, 962, false),
(51, 68, false),
(11, 128, false),
(73, 776, false),
(95, 650, false),
(61, 991, true),
(77, 544, true),
(18, 32, true),
(37, 878, true),
(30, 62, true),
(20, 378, false),
(61, 602, false),
(79, 547, true),
(24, 304, false);

insert into SUGGEST (id_suggest, email, id_game, id_system_user) values (1, 'wmacken0@usa.gov', 77, 850),
(2, 'aney1@purevolume.com', 13, 501),
(3, 'tcaras2@bing.com', 59, 375),
(4, 'sduprey3@opera.com', 88, 218),
(5, 'bipgrave4@surveymonkey.com', 91, 127),
(6, 'chaile5@phpbb.com', 38, 728),
(7, 'kgroves6@kickstarter.com', 41, 980),
(8, 'gmilby7@com.com', 99, 33),
(9, 'gjerrems8@china.com.cn', 91, 432),
(10, 'swoodger9@ebay.co.uk', 32, 54),
(11, 'ssmalinga@toplist.cz', 98, 940),
(12, 'sgonb@cocolog-nifty.com', 31, 38),
(13, 'xbabinskic@tmall.com', 45, 695),
(14, 'clocknerd@quantcast.com', 16, 175),
(15, 'todegaarde@w3.org', 32, 902),
(16, 'nthamesf@reddit.com', 14, 492),
(17, 'adillimoreg@unblog.fr', 48, 116),
(18, 'kpeizerh@gov.uk', 34, 269),
(19, 'keloyi@nifty.com', 12, 182),
(20, 'dgoudiej@businessweek.com', 100, 612),
(21, 'mscrauniagek@ox.ac.uk', 45, 408),
(22, 'bdrakel@cnet.com', 41, 712),
(23, 'amerrellm@mozilla.com', 55, 952),
(24, 'ffeakn@indiegogo.com', 60, 39),
(25, 'tbodeno@parallels.com', 45, 738),
(26, 'jlehrmannp@etsy.com', 20, 168),
(27, 'phenfreq@ngraphic.com', 39, 903),
(28, 'rgerleitr@photobucket.com', 28, 597),
(29, 'kgiacopinis@usatoday.com', 59, 252),
(30, 'amcfarlandt@ebay.com', 50, 52),
(31, 'amacalpyneu@sciencedirect.com', 93, 155),
(32, 'sthurleyv@baidu.com', 72, 964),
(33, 'lruckw@answers.com', 39, 963),
(34, 'cmillinx@chronoengine.com', 28, 584),
(35, 'mgladbachy@pbs.org', 22, 516),
(36, 'llefrancz@globo.com', 64, 443),
(37, 'cwrinch10@surveymonkey.com', 6, 176),
(38, 'jferrand11@sbwire.com', 24, 34),
(39, 'bscini12@wikimedia.org', 2, 82),
(40, 'ggarretson13@home.pl', 98, 142),
(41, 'jhans14@blog.com', 23, 90),
(42, 'gdavidzon15@storify.com', 38, 527),
(43, 'bfarr16@admin.ch', 22, 486),
(44, 'dlyste17@columbia.edu', 73, 678),
(45, 'singray18@behance.net', 68, 775),
(46, 'lhirsch19@wunderground.com', 10, 959),
(47, 'dgomar1a@hp.com', 61, 896),
(48, 'fquidenham1b@ucoz.com', 72, 726),
(49, 'aduker1c@google.co.jp', 48, 375),
(50, 'yordidge1d@arizona.edu', 93, 389),
(51, 'eipplett1e@toplist.cz', 26, 775),
(52, 'shawton1f@ustream.tv', 65, 948),
(53, 'mruilton1g@blogspot.com', 93, 320),
(54, 'lkomorowski1h@paypal.com', 72, 320),
(55, 'scoughlin1i@unesco.org', 24, 560),
(56, 'brivers1j@issuu.com', 63, 488),
(57, 'vformigli1k@xinhuanet.com', 87, 774),
(58, 'ctomsu1l@fastcompany.com', 53, 827),
(59, 'etolworthie1m@dyndns.org', 26, 852),
(60, 'hkerswill1n@moonfruit.com', 24, 586),
(61, 'lkeitch1o@senate.gov', 78, 441),
(62, 'emulvagh1p@webeden.co.uk', 10, 329),
(63, 'lclarricoates1q@motion.com', 72, 484),
(64, 'rscaife1r@independent.co.uk', 32, 708),
(65, 'griehm1s@wisc.edu', 10, 206),
(66, 'sgerler1t@fc2.com', 76, 346),
(67, 'dtalkington1u@umich.edu', 21, 34),
(68, 'fgamage1v@nyu.edu', 27, 131),
(69, 'ezannolli1w@abc.net.au', 46, 256),
(70, 'sadamowitz1x@meetup.com', 43, 952),
(71, 'hdibley1y@weibo.com', 86, 757),
(72, 'lnayer1z@purevolume.com', 24, 718),
(73, 'bbolam20@dmoz.org', 30, 996),
(74, 'bsaffrin21@latimes.com', 20, 269),
(75, 'dbabinski22@360.cn', 13, 605),
(76, 'kroseborough23@rakuten.co.jp', 93, 757),
(77, 'ealeveque24@dagondesign.com', 88, 431),
(78, 'tmaffi25@paginegialle.it', 95, 935),
(79, 'crigney26@woothemes.com', 66, 266),
(80, 'cmulvagh27@dropbox.com', 11, 459),
(81, 'gheadrick28@discuz.net', 68, 716),
(82, 'nparren29@berkeley.edu', 10, 267),
(83, 'cshinn2a@elegantthemes.com', 79, 362),
(84, 'msimonetti2b@csmonitor.com', 31, 786),
(85, 'tproger2c@mlb.com', 50, 464),
(86, 'hgaucher2d@washington.edu', 12, 528),
(87, 'catger2e@a8.net', 67, 222),
(88, 'agronow2f@tumblr.com', 19, 192),
(89, 'lgiovannilli2g@reddit.com', 2, 979),
(90, 'cluther2h@uol.com.br', 6, 659),
(91, 'tsmitherham2i@xrea.com', 33, 751),
(92, 'gvinas2j@liveinternet.ru', 78, 381),
(93, 'aberesford2k@deliciousdays.com', 88, 349),
(94, 'rshiels2l@goodreads.com', 66, 36),
(95, 'mdesseine2m@ox.ac.uk', 84, 820),
(96, 'acallar2n@deviantart.com', 16, 252),
(97, 'swotherspoon2o@nytimes.com', 53, 141),
(98, 'clanglois2p@yolasite.com', 50, 844),
(99, 'dseger2q@ucoz.com', 55, 747),
(100, 'votterwell2r@cbsnews.com', 98, 798),
(101, 'escutchings2s@uiuc.edu', 37, 436),
(102, 'tandrys2t@istockphoto.com', 62, 39),
(103, 'vferens2u@github.io', 35, 118),
(104, 'athornley2v@dmail.com', 85, 358),
(105, 'khumby2w@creativecommons.org', 86, 593),
(106, 'jcleveland2x@opensource.org', 50, 60),
(107, 'tgoldhill2y@comsenz.com', 33, 164),
(108, 'jgradley2z@ft.com', 18, 427),
(109, 'dderrico30@state.tx.us', 96, 201),
(110, 'cneenan31@constantcontact.com', 82, 165),
(111, 'mscrivner32@github.io', 37, 97),
(112, 'hsimmen33@wordpress.org', 66, 343),
(113, 'cpiscotti34@scribd.com', 69, 806),
(114, 'gkerswill35@oracle.com', 51, 496),
(115, 'rtrusdale36@themeforest.net', 25, 547),
(116, 'gstratford37@ihg.com', 96, 810),
(117, 'vbrandom38@stumbleupon.com', 24, 975),
(118, 'mdamiata39@thetimes.co.uk', 98, 809),
(119, 'rellings3a@blogtalkradio.com', 30, 154),
(120, 'ckliche3b@myspace.com', 17, 382),
(121, 'mscone3c@weebly.com', 16, 256),
(122, 'melvins3d@meetup.com', 16, 436),
(123, 'ndonoghue3e@imdb.com', 1, 614),
(124, 'lnerval3f@1688.com', 13, 916),
(125, 'ldelagua3g@tinyurl.com', 67, 661),
(126, 'nbrimacombe3h@wunderground.com', 32, 703),
(127, 'afleet3i@themeforest.net', 65, 480),
(128, 'ecleve3j@ucla.edu', 21, 317),
(129, 'wjurn3k@nba.com', 94, 405),
(130, 'dcullinan3l@google.es', 27, 411),
(131, 'dthurstance3m@army.mil', 34, 360),
(132, 'eoliverpaull3n@twitpic.com', 58, 899),
(133, 'rjindra3o@nhs.uk', 81, 365),
(134, 'fhadye3p@bing.com', 86, 478),
(135, 'pkunneke3q@t-online.de', 72, 629),
(136, 'ccaldecutt3r@telegraph.co.uk', 1, 281),
(137, 'klightning3s@ifeng.com', 45, 778),
(138, 'cfrigout3t@europa.eu', 51, 583),
(139, 'ctotton3u@japanpost.jp', 28, 981),
(140, 'eseiter3v@linkedin.com', 61, 580),
(141, 'ymcrae3w@businesswire.com', 97, 658),
(143, 'jgiles3y@narod.ru', 29, 15),
(144, 'jcrix3z@gravatar.com', 52, 329),
(145, 'cquincey40@elegantthemes.com', 94, 848),
(146, 'mjoust41@imageshack.us', 16, 425),
(147, 'fabbys42@multiply.com', 73, 732),
(148, 'bredborn43@godaddy.com', 61, 776),
(149, 'mwollen44@bloglines.com', 73, 670),
(150, 'ghawkswood45@liveinternet.ru', 40, 921),
(151, 'sgiorgioni46@nasa.gov', 8, 814),
(152, 'alaing47@altervista.org', 22, 862),
(153, 'mmarciek48@theglobeandmail.com', 9, 437),
(154, 'gcawthery49@discuz.net', 50, 261),
(155, 'lwitherbed4a@rediff.com', 16, 891),
(156, 'jsowle4b@hexun.com', 98, 181),
(157, 'dharwin4c@storify.com', 96, 95),
(158, 'hmorson4d@feedburner.com', 99, 174),
(159, 'aaylmore4e@pinterest.com', 42, 638),
(160, 'krunsey4f@house.gov', 20, 21),
(161, 'dgaliford4g@senate.gov', 91, 752),
(162, 'ihodinton4h@skyrock.com', 78, 979),
(163, 'dvandenvelden4i@cornell.edu', 64, 549),
(164, 'gfellon4j@whitehouse.gov', 73, 12),
(165, 'ewein4k@rediff.com', 58, 52),
(166, 'cvasyunichev4l@slideshare.net', 100, 289),
(167, 'aragat4m@infoseek.co.jp', 45, 176),
(168, 'sfawson4n@webeden.co.uk', 74, 602),
(169, 'ldrissell4o@google.cn', 17, 897),
(170, 'babbess4p@google.de', 72, 471),
(171, 'lkeyho4q@omniture.com', 54, 42),
(172, 'nkliemann4r@odnoklassniki.ru', 39, 720),
(173, 'rpepall4s@jigsy.com', 14, 638),
(174, 'bmckinley4t@ebay.co.uk', 39, 971),
(175, 'jlingard4u@feedburner.com', 15, 23),
(176, 'bblinkhorn4v@uiuc.edu', 75, 37),
(177, 'dodonovan4w@storify.com', 75, 926),
(178, 'bcommin4x@angelfire.com', 7, 55),
(179, 'vyarham4y@squarespace.com', 69, 928),
(180, 'vcrinkley4z@imdb.com', 74, 815),
(181, 'rphoebe50@independent.co.uk', 56, 689),
(182, 'bhainey51@guardian.co.uk', 85, 265),
(183, 'vblethyn52@tmall.com', 30, 44),
(184, 'qstockhill53@shareasale.com', 13, 845),
(185, 'mbhar54@salon.com', 60, 400),
(186, 'hfeek55@craigslist.org', 43, 911),
(187, 'tmiguet56@ft.com', 24, 365),
(188, 'dwheater57@narod.ru', 95, 541),
(189, 'nfrogley58@utexas.edu', 30, 737),
(190, 'ppattini59@list-manage.com', 58, 701),
(191, 'mdeinhard5a@mozilla.com', 55, 104),
(192, 'mskein5b@i2i.jp', 71, 75),
(193, 'ispraggs5c@comsenz.com', 33, 182),
(194, 'ntzar5d@paginegialle.it', 72, 948),
(195, 'bbrehaut5e@craigslist.org', 100, 576),
(196, 'jlabatie5f@wisc.edu', 71, 662),
(197, 'mchriston5g@buzzfeed.com', 67, 15),
(198, 'jtreacy5h@list-manage.com', 13, 719),
(199, 'melkins5i@state.tx.us', 64, 78),
(200, 'loshea5j@indiatimes.com', 18, 742),
(201, 'aadel5k@1und1.de', 11, 825),
(202, 'oeyre5l@mozilla.org', 13, 995),
(203, 'gquirke5m@delicious.com', 44, 362),
(204, 'chargrave5n@list-manage.com', 60, 323),
(205, 'lmandres5o@msn.com', 74, 766),
(206, 'twemyss5p@noaa.gov', 72, 96),
(207, 'achatters5q@printfriendly.com', 42, 966),
(208, 'adobbison5r@liveinternet.ru', 39, 585),
(209, 'btatlock5s@columbia.edu', 9, 325),
(210, 'eslayford5t@trellian.com', 42, 169),
(211, 'kbisgrove5u@paginegialle.it', 38, 480),
(212, 'wdepke5v@phpbb.com', 37, 703),
(213, 'sbecarra5w@blogger.com', 17, 252),
(214, 'ocazereau5x@wunderground.com', 99, 138),
(215, 'cmattys5y@storify.com', 34, 418),
(216, 'pheckner5z@artisteer.com', 83, 137),
(217, 'bmackstead60@arizona.edu', 48, 669),
(218, 'cberetta61@themeforest.net', 21, 683),
(219, 'vmatschoss62@ustream.tv', 17, 630),
(220, 'glaver63@usda.gov', 97, 990),
(221, 'shallede64@nih.gov', 91, 721),
(222, 'mwharfe65@baidu.com', 71, 827),
(223, 'slaxen66@furl.net', 10, 435),
(224, 'lvarvara67@csmonitor.com', 51, 62),
(225, 'ibladon68@linkedin.com', 34, 668),
(226, 'rgallatly69@sun.com', 15, 501),
(227, 'wsidry6a@ox.ac.uk', 12, 634),
(228, 'sgras6b@livejournal.com', 8, 655),
(229, 'sgabriely6c@qq.com', 42, 392),
(230, 'aplimmer6d@ocn.ne.jp', 40, 415),
(231, 'awarstall6e@hexun.com', 77, 130),
(232, 'alovegrove6f@ocn.ne.jp', 43, 198),
(233, 'akillgus6g@etsy.com', 38, 723),
(234, 'vashby6h@unc.edu', 64, 7),
(235, 'mspirritt6i@multiply.com', 66, 763),
(236, 'bkilmaster6j@vk.com', 45, 824),
(237, 'ssteiner6k@newsvine.com', 56, 370),
(238, 'cinold6l@sciencedirect.com', 95, 508),
(239, 'epinwell6m@arstechnica.com', 6, 638),
(240, 'ddecort6n@reuters.com', 25, 542),
(241, 'aferrand6o@php.net', 42, 865),
(242, 'surpeth6p@people.com.cn', 96, 680),
(243, 'efoskett6q@vinaora.com', 21, 617),
(244, 'rplant6r@sun.com', 58, 732),
(245, 'jchessil6s@dropbox.com', 41, 332),
(246, 'vmcanulty6t@bloglovin.com', 80, 490),
(247, 'nivanikov6u@reverbnation.com', 32, 70),
(249, 'eeagan6w@printfriendly.com', 53, 8),
(250, 'mgarstang6x@prnewswire.com', 37, 250),
(251, 'pdixie6y@exblog.jp', 60, 741),
(252, 'jgoodings6z@wp.com', 6, 633),
(253, 'kweine70@youtu.be', 83, 918),
(254, 'tclimpson71@ovh.net', 58, 822),
(255, 'hmckernan72@npr.org', 56, 10),
(256, 'mchazelle73@google.nl', 60, 528),
(257, 'ppoyntz74@livejournal.com', 81, 239),
(258, 'aclulow75@shop-pro.jp', 3, 569),
(259, 'lrame76@sciencedirect.com', 80, 132),
(260, 'ninnerstone77@github.io', 3, 58),
(261, 'mrainforth78@shop-pro.jp', 82, 963),
(262, 'cwymer79@altervista.org', 100, 869),
(263, 'nassandri7a@boston.com', 99, 219),
(264, 'eigglesden7b@google.de', 62, 48),
(265, 'rtourmell7c@rambler.ru', 56, 378),
(266, 'mhein7d@irs.gov', 72, 401),
(268, 'ebartoszek7f@dion.ne.jp', 31, 579),
(269, 'ilaidlaw7g@nbcnews.com', 82, 945),
(270, 'llebourn7h@cpanel.net', 59, 839),
(271, 'lrodgman7i@wsj.com', 77, 980),
(272, 'rmcelvogue7j@blogspot.com', 16, 865),
(273, 'lcourtois7k@discovery.com', 97, 584),
(274, 'kgermann7l@shareasale.com', 21, 787),
(275, 'cdiwell7m@tripadvisor.com', 98, 52),
(276, 'ktilbrook7n@constan.com', 38, 977),
(277, 'bsearjeant7o@51.la', 12, 766),
(278, 'ajoannidi7p@nifty.com', 33, 561),
(279, 'hfowls7q@network.org', 32, 119),
(280, 'dwettern7r@instagram.com', 36, 494),
(281, 'bflahive7s@squidoo.com', 3, 269),
(282, 'bdurtnal7t@abc.net.au', 53, 899),
(283, 'agate7u@noaa.gov', 24, 898),
(284, 'jbrighty7v@theglobeandmail.com', 100, 527),
(285, 'hpeasee7w@yellowbook.com', 44, 459),
(286, 'hchallenor7x@arizona.edu', 59, 322),
(287, 'twyllis7y@ucoz.ru', 88, 249),
(288, 'blapree7z@harvard.edu', 69, 287),
(289, 'rgiacomelli80@mlb.com', 43, 221),
(290, 'cbasezzi81@cloudflare.com', 12, 165),
(291, 'cellsom82@furl.net', 83, 52),
(292, 'demeney83@rediff.com', 28, 362),
(293, 'jgillion84@oracle.com', 99, 812),
(294, 'jlightman85@nhs.uk', 97, 708),
(295, 'rfilipovic86@xing.com', 34, 322),
(296, 'bwontner87@who.int', 31, 605),
(297, 'lmcguire88@webnode.com', 1, 944),
(298, 'bpreator89@nature.com', 72, 966),
(299, 'lfasset8a@omniture.com', 58, 340),
(300, 'fcolliford8b@list-manage.com', 83, 687),
(301, 'dmackaig8c@cpanel.net', 70, 795),
(302, 'venns8d@163.com', 43, 67),
(303, 'vklambt8e@pagesperso-orange.fr', 41, 321),
(304, 'skrojn8f@hatena.ne.jp', 62, 397),
(305, 'mdoag8g@pagesperso-orange.fr', 55, 787),
(306, 'mcollyear8h@huffingtonpost.com', 98, 704),
(307, 'docrevy8i@irs.gov', 1, 145),
(308, 'nwankling8j@hostgator.com', 65, 206),
(309, 'asimo8k@dot.gov', 41, 123),
(310, 'gpashe8l@cam.ac.uk', 13, 90),
(311, 'rrowlstone8m@booking.com', 84, 325),
(312, 'swylam8n@cargocollective.com', 62, 281),
(314, 'iridge8p@shinystat.com', 93, 139),
(315, 'ukeig8q@about.com', 17, 244),
(316, 'alatch8r@booking.com', 99, 329),
(317, 'nplastow8s@alexa.com', 93, 671),
(318, 'wgudde8t@com.com', 3, 876),
(319, 'mdaile8u@bizjournals.com', 49, 3),
(320, 'srockall8v@ucoz.ru', 65, 234),
(321, 'fzupone8w@a8.net', 38, 750),
(322, 'fpriddey8x@acquirethisname.com', 95, 301),
(323, 'bpetruskevich8y@imgur.com', 15, 795),
(324, 'dbasnett8z@harvard.edu', 71, 188),
(326, 'xcroydon91@chron.com', 95, 774),
(327, 'dgager92@ebay.com', 57, 637),
(328, 'twalcot93@ucoz.ru', 29, 754),
(329, 'nmourbey94@facebook.com', 75, 522),
(330, 'fkeveren95@moonfruit.com', 65, 249),
(331, 'ccurzey96@hc360.com', 51, 593),
(332, 'mdunkerly97@mapy.cz', 77, 5),
(333, 'cjakuszewski98@imgur.com', 59, 260),
(334, 'zwaber99@taobao.com', 96, 223),
(336, 'cmcquorkel9b@state.gov', 76, 514),
(337, 'tgaunt9c@sakura.ne.jp', 66, 218),
(338, 'mfahy9d@seattletimes.com', 51, 837),
(339, 'ogealle9e@nasa.gov', 51, 720),
(340, 'klinacre9f@cornell.edu', 48, 762),
(341, 'thawksby9g@ning.com', 52, 979),
(342, 'cjuza9h@eepurl.com', 47, 2),
(343, 'aminshull9i@tripadvisor.com', 85, 571),
(344, 'kmcgrorty9j@contact.com', 59, 316),
(345, 'smahaddie9k@alibaba.com', 38, 938),
(346, 'bjaspar9l@squarespace.com', 74, 685),
(347, 'rmcleary9m@psu.edu', 96, 502),
(348, 'jkillen9n@latimes.com', 29, 554),
(349, 'mwayt9o@washingtonpost.com', 77, 141),
(350, 'gpickles9p@epa.gov', 17, 159),
(351, 'vtrundler9q@boston.com', 49, 78),
(352, 'palanbrooke9r@whitehouse.gov', 70, 507),
(353, 'acorradini9s@feedburner.com', 84, 516),
(354, 'ajeffels9t@american.com', 96, 480),
(355, 'kbuckthorp9u@timesonline.co.uk', 69, 925),
(356, 'cmccarver9v@myspace.com', 86, 721),
(357, 'gwanklin9w@latimes.com', 36, 59),
(358, 'cpetruskevich9x@sbwire.com', 13, 683),
(359, 'swinsome9y@prnewswire.com', 55, 28),
(360, 'cvigus9z@google.com.hk', 86, 364),
(361, 'bdawburya0@vimeo.com', 41, 543),
(362, 'gshortlanda1@wiley.com', 59, 872),
(363, 'wpracya2@toplist.cz', 95, 33),
(364, 'fdorrea3@epa.gov', 79, 650),
(365, 'ismittena4@whitehouse.gov', 64, 650),
(366, 'lgamea5@earthlink.net', 99, 644),
(367, 'sbatcheldera6@devhub.com', 44, 487),
(368, 'rascha7@mozilla.org', 6, 897),
(369, 'cmaccarranea8@naver.com', 79, 427),
(370, 'lcutsfortha9@npr.org', 83, 755),
(371, 'tpetowaa@gizmodo.com', 77, 650),
(372, 'hflowerab@addthis.com', 77, 367),
(373, 'amcilvennyac@bluehost.com', 12, 799),
(374, 'khastinad@ucsd.edu', 48, 331),
(375, 'awintersonae@blinklist.com', 52, 600),
(376, 'jtusonaf@businessweek.com', 7, 317),
(377, 'rnilgesag@ask.com', 68, 82),
(378, 'dleportah@disqus.com', 30, 174),
(379, 'ksibyllaai@pinterest.com', 78, 747),
(380, 'abuckerfieldaj@mysql.com', 49, 567),
(381, 'hsutherleyak@vkontakte.ru', 71, 45),
(382, 'amacfadyenal@aol.com', 32, 13),
(383, 'amcconachieam@accuweather.com', 40, 429),
(384, 'kspeirsan@google.co.uk', 66, 703),
(385, 'dashmanao@topsy.com', 77, 763),
(386, 'eblanceap@stanford.edu', 52, 844),
(387, 'ybrittonaq@angelfire.com', 88, 531),
(388, 'rjammesar@reuters.com', 73, 682),
(389, 'vschumacheras@post.com', 27, 786),
(390, 'fkeoughat@latimes.com', 69, 283),
(391, 'aflandersau@princeton.edu', 67, 834),
(392, 'alysaghtav@github.io', 63, 950),
(393, 'kberensaw@yale.edu', 82, 408),
(394, 'ckistingax@jalbum.net', 62, 404),
(395, 'mandrzejakay@sitemeter.com', 72, 936),
(397, 'lmuehlerb0@cocolog-nifty.com', 67, 404),
(398, 'ocrocroftb1@cisco.com', 42, 212),
(399, 'tcornickb2@t.co', 88, 416),
(400, 'temnoneyb3@linkedin.com', 35, 442),
(401, 'sewingtonb4@ox.ac.uk', 8, 310),
(402, 'aferraresib5@yale.edu', 91, 722),
(403, 'fbexleyb6@census.gov', 71, 249),
(404, 'iunthankb7@1688.com', 36, 161),
(405, 'emattingsonb8@thetimes.co.uk', 82, 321),
(406, 'sjervoisb9@taobao.com', 61, 201),
(407, 'ggrishkovba@blogspot.com', 98, 632),
(408, 'tsharplesbb@china.com.cn', 71, 86),
(409, 'rbloomfieldbc@amazon.co.uk', 17, 807),
(411, 'drizzottobe@hostgator.com', 31, 506),
(412, 'anultybf@jiathis.com', 42, 187),
(413, 'mbrackstonebg@tamu.edu', 3, 897),
(414, 'lbowcockbh@360.cn', 36, 255),
(415, 'rgainesbi@amazon.com', 95, 920),
(416, 'etuckiebj@cafepress.com', 57, 294),
(417, 'mtunnbk@com.com', 76, 833),
(418, 'brangellbl@ebay.com', 71, 8),
(419, 'skivellbm@state.tx.us', 8, 648),
(420, 'vchecchibn@wikimedia.org', 90, 293),
(421, 'kcanbybo@parallels.com', 74, 53),
(422, 'mvispobp@amazon.co.jp', 31, 210),
(423, 'cgrzelewskibq@163.com', 83, 128),
(425, 'chellwigbs@mlb.com', 60, 845),
(426, 'jjopkebt@utexas.edu', 15, 826),
(427, 'sgosforthbu@trellian.com', 61, 543),
(428, 'nsiaspinskibv@umich.edu', 26, 308),
(429, 'awilfingbw@webs.com', 41, 706),
(430, 'emionbx@ftc.gov', 43, 206),
(431, 'icottamby@nbcnews.com', 44, 192),
(432, 'pallardycebz@amazon.co.jp', 38, 385),
(433, 'oroantreec0@yelp.com', 23, 430),
(434, 'ptilsonc1@mtv.com', 98, 113),
(435, 'sbeavonc2@dmoz.org', 42, 322),
(436, 'aashburnec3@dion.ne.jp', 2, 405),
(437, 'meverixc4@deliciousdays.com', 44, 233),
(438, 'pabramowitchc5@ovh.net', 89, 464),
(439, 'ableymanc6@mayoclinic.com', 86, 469),
(440, 'vedmedc7@mozilla.com', 76, 315),
(441, 'fhazzardc8@phoca.cz', 88, 48),
(442, 'jbruinemannc9@narod.ru', 80, 295),
(443, 'lcamossoca@dyndns.org', 89, 615),
(444, 'hanthamcb@usatoday.com', 32, 53),
(445, 'kburrencc@msu.edu', 45, 379),
(446, 'tnorquaycd@shutterfly.com', 13, 425),
(447, 'odensunce@rakuten.co.jp', 22, 406),
(448, 'screffieldcf@jugem.jp', 67, 823),
(449, 'htackellcg@netscape.com', 25, 865),
(450, 'bhadlingtonch@surveymonkey.com', 97, 401),
(452, 'lmarsycj@google.co.uk', 17, 699),
(453, 'fbredeck@archive.org', 15, 345),
(454, 'jvondrasekcl@businessweek.com', 30, 113),
(455, 'jstubleycm@noaa.gov', 21, 650),
(456, 'lswatridgecn@ed.gov', 71, 708),
(457, 'kelkinco@cafepress.com', 64, 464),
(458, 'fyetmancp@t-online.de', 13, 201),
(459, 'ccromiecq@goo.gl', 15, 730),
(460, 'dspeckcr@alibaba.com', 18, 252),
(461, 'oodeveycs@samsung.com', 89, 705),
(462, 'aephgravect@desdev.cn', 87, 290),
(463, 'bfattoricu@github.com', 56, 38),
(464, 'gcamockcv@un.org', 46, 13),
(465, 'tpepperellcw@senate.gov', 91, 832),
(466, 'efinneycx@yelp.com', 64, 155),
(467, 'bkasparskicy@yandex.ru', 27, 350),
(468, 'mwilbudcz@indiatimes.com', 50, 665),
(469, 'fribeyd0@sun.com', 88, 796),
(470, 'hoxbed1@sciencedaily.com', 67, 492),
(471, 'bsimsd2@trellian.com', 100, 547),
(472, 'dmcelvogued3@bizjournals.com', 80, 786),
(473, 'obafordd4@usda.gov', 17, 362),
(474, 'rhattd5@t-online.de', 18, 814),
(475, 'blindblomd6@cyberchimps.com', 19, 761),
(476, 'kmacklamd7@fastcompany.com', 21, 187),
(477, 'sgrombridged8@miibeian.gov.cn', 11, 273),
(478, 'mrandd9@csmonitor.com', 73, 799),
(479, 'ccadwaladrda@disqus.com', 89, 487),
(480, 'bmithandb@abc.net.au', 65, 336),
(481, 'askirvendc@ucla.edu', 10, 832),
(482, 'wmaggioridd@devhub.com', 72, 829),
(483, 'wmattiazzide@oracle.com', 1, 905),
(484, 'cpietraszekdf@pen.io', 70, 909),
(485, 'ccolgandg@spotify.com', 42, 948),
(486, 'itroubridgedh@hao123.com', 64, 989),
(487, 'ckimburydi@cbc.ca', 72, 451),
(488, 'gnorthwooddj@uiuc.edu', 94, 824),
(489, 'dshearndk@sourceforge.net', 8, 217),
(490, 'wperoccidl@g.co', 31, 42),
(491, 'kspiritdm@addtoany.com', 86, 614),
(492, 'bgwalterdn@lulu.com', 72, 959),
(493, 'dhawsondo@devhub.com', 47, 665),
(494, 'rschoberdp@alexa.com', 93, 456),
(496, 'gaveydr@arstechnica.com', 51, 804),
(497, 'rganterds@51.la', 9, 393),
(498, 'ehasselbydt@wp.com', 70, 148),
(499, 'dgiovannazzidu@ted.com', 18, 927),
(500, 'odurtneldv@arizona.edu', 16, 742),
(501, 'twhyleydw@amazonaws.com', 50, 113),
(502, 'akendaldx@businessinsider.com', 72, 728),
(503, 'dhardcastledy@google.co.jp', 79, 839),
(504, 'ableesdz@cdc.gov', 7, 235),
(505, 'mgarvaghe0@china.com.cn', 37, 340),
(506, 'cmaccumeskeye1@amazon.com', 68, 324),
(507, 'temneye2@comcast.net', 36, 221),
(508, 'doxtibye3@blogspot.com', 17, 1),
(509, 'blaylande4@theatlantic.com', 57, 94),
(510, 'lsamudioe5@flickr.com', 60, 754),
(511, 'dcescottie6@xinhuanet.com', 84, 605),
(512, 'afroste7@bandcamp.com', 19, 520),
(513, 'mjinkinse8@sfgate.com', 40, 951),
(514, 'mdudine9@nih.gov', 14, 249),
(515, 'hfrancescuzziea@deviantart.com', 41, 846),
(516, 'apoynoreb@state.tx.us', 64, 472),
(517, 'eottewillec@about.com', 10, 963),
(518, 'lemmsed@livejournal.com', 71, 796),
(519, 'lmcfaulee@narod.ru', 25, 766),
(520, 'wpesterfieldef@facebook.com', 47, 992),
(521, 'esextoneeg@jugem.jp', 31, 131),
(522, 'zcombeseh@yahoo.co.jp', 61, 47),
(523, 'lsinyardei@drupal.org', 59, 773),
(524, 'sscopesej@spotify.com', 61, 320),
(525, 'lshouteek@netscape.com', 60, 274),
(526, 'lmaggsel@bravesites.com', 3, 69),
(527, 'ljoinceyem@shop-pro.jp', 59, 343),
(529, 'jcadyeo@sina.com.cn', 45, 789),
(530, 'mbestonep@list-manage.com', 3, 751),
(531, 'cbangleeq@amazon.com', 54, 946),
(532, 'ariemeer@nih.gov', 99, 289),
(533, 'cdulanyes@free.fr', 40, 697),
(534, 'civanishevet@moonfruit.com', 63, 960),
(535, 'kricketeu@storify.com', 83, 812),
(536, 'lcurtayneev@wufoo.com', 38, 844),
(537, 'hgoulbournew@digg.com', 9, 829),
(538, 'tlanchberyex@pen.io', 14, 161),
(539, 'twolveyey@privacy.gov.au', 41, 895),
(540, 'amaccallisterez@xrea.com', 13, 753),
(541, 'rgaberf0@diigo.com', 70, 888),
(542, 'spocockef1@angelfire.com', 75, 797),
(543, 'mcronkf2@chronoengine.com', 92, 830),
(545, 'ztapporf4@theatlantic.com', 48, 823),
(546, 'ccontif5@clickbank.net', 35, 989),
(547, 'cjentgesf6@hostgator.com', 80, 701),
(548, 'edwanef7@elpais.com', 15, 9),
(549, 'glowfillf8@ucoz.com', 69, 497),
(550, 'bcesconf9@bbc.co.uk', 86, 984),
(551, 'vsprossonfa@oracle.com', 10, 26),
(552, 'dhawlgarthfb@statcounter.com', 31, 533),
(553, 'aborlessfc@cnbc.com', 11, 905),
(554, 'ghemphreyfd@lycos.com', 3, 171),
(555, 'blamburnfe@yale.edu', 67, 914),
(556, 'ahumpageff@senate.gov', 57, 792),
(557, 'nscothronfg@gizmodo.com', 49, 728),
(558, 'ailyasfh@nytimes.com', 11, 873),
(559, 'cdolemanfi@youtube.com', 79, 68),
(560, 'tickoviczfj@cornell.edu', 76, 452),
(561, 'bjehanfk@icio.us', 42, 489),
(562, 'atollidayfl@upenn.edu', 84, 873),
(564, 'msewleyfn@about.com', 11, 797),
(565, 'mpiesingfo@google.co.uk', 72, 251),
(566, 'bduffriefp@theatlantic.com', 3, 438),
(567, 'wtomichfq@mapquest.com', 19, 256),
(568, 'sweymouthfr@is.gd', 60, 394),
(569, 'lwillimontfs@utexas.edu', 86, 328),
(570, 'cjebbft@rakuten.co.jp', 82, 238),
(571, 'dboswellfu@people.com.cn', 72, 593),
(572, 'dmccoughanfv@so-net.ne.jp', 22, 966),
(573, 'lfenneyfw@hao123.com', 73, 682),
(574, 'giaduccellifx@google.com.au', 90, 423),
(575, 'tsurmanwellsfy@ameblo.jp', 38, 372),
(576, 'ssisnerosfz@reuters.com', 41, 793),
(577, 'rtosspellg0@about.com', 72, 208),
(578, 'ccrewsg1@ibm.com', 16, 860),
(579, 'gbrugmanng2@wufoo.com', 58, 940),
(580, 'klaug3@storify.com', 93, 918),
(581, 'lletchmoreg4@businesswire.com', 94, 929),
(582, 'bbaylieg5@sogou.com', 21, 483),
(583, 'bbatong6@xinhuanet.com', 66, 245),
(584, 'smartinellig7@reference.com', 55, 762),
(585, 'nbingg8@google.co.jp', 71, 172),
(586, 'tyuryshevg9@mediafire.com', 11, 147),
(588, 'lfranzolinigb@about.me', 73, 986),
(589, 'cskullygc@cornell.edu', 84, 457),
(590, 'bwhertongd@house.gov', 85, 481),
(591, 'hmcgillicuddyge@xrea.com', 84, 638),
(592, 'mscotneygf@state.tx.us', 40, 356),
(593, 'eevamygg@msn.com', 26, 552),
(594, 'nchillistonegh@latimes.com', 9, 72),
(595, 'mjammetgi@boston.com', 42, 157),
(596, 'rhoutengj@dailymotion.com', 7, 783),
(597, 'fodulchontagk@illinois.edu', 37, 572),
(598, 'fenstengl@mit.edu', 35, 998),
(599, 'eellsworthegm@newsvine.com', 74, 89),
(600, 'gvedenyapingn@gov.uk', 69, 838),
(601, 'ktatteshallgo@noaa.gov', 21, 165),
(602, 'blabramgp@com.com', 46, 689),
(603, 'tludlammegq@xrea.com', 45, 941),
(604, 'kmiliffegr@tmall.com', 85, 387),
(605, 'pteddergs@t-online.de', 48, 332),
(606, 'mdaulbygt@prweb.com', 38, 517),
(607, 'fboxillgu@about.me', 8, 286),
(608, 'gcornbillgv@ezinearticles.com', 88, 366),
(609, 'lcollsgw@163.com', 71, 835),
(610, 'amabbsgx@cmu.edu', 3, 810),
(611, 'pvanrossgy@irs.gov', 27, 429),
(612, 'aventhamgz@vkontakte.ru', 95, 684),
(613, 'eachesonh0@xing.com', 32, 98),
(614, 'cscarletth1@freewebs.com', 78, 962),
(615, 'dthickpennyh2@tiny.cc', 30, 117),
(616, 'lcobboldh3@bravesites.com', 29, 408),
(617, 'educharth4@4shared.com', 20, 335),
(618, 'nharrinsonh5@privacy.gov.au', 45, 145),
(619, 'ftolefreeh6@dmoz.org', 50, 973),
(620, 'gbudgenh7@feedburner.com', 46, 202),
(621, 'egiottoh8@angelfire.com', 44, 356),
(622, 'mbragah9@wunderground.com', 64, 773),
(623, 'hgofordha@tinyurl.com', 27, 423),
(624, 'smethingamhb@tripod.com', 92, 848),
(625, 'egokeshc@independent.co.uk', 60, 637),
(626, 'cjeanninhd@over-blog.com', 56, 165),
(627, 'gbachellierhe@vistaprint.com', 11, 784),
(628, 'dmeritthf@discovery.com', 3, 470),
(629, 'ndalessiohg@springer.com', 10, 775),
(630, 'hmeagherhh@whitehouse.gov', 73, 501),
(631, 'slennonhi@umich.edu', 26, 572),
(632, 'estouthj@123-reg.co.uk', 6, 612),
(633, 'ceeleshk@webnode.com', 88, 662),
(634, 'wglendzahl@economist.com', 87, 610),
(635, 'rhelwighm@jimdo.com', 26, 965),
(636, 'smcelhargyhn@slideshare.net', 27, 810),
(637, 'cprobbinho@bing.com', 26, 612),
(638, 'pdavidsenhp@miibeian.gov.cn', 98, 252),
(639, 'wratcliffehq@sogou.com', 65, 130),
(640, 'mosheahr@hibu.com', 17, 341),
(641, 'sbarnsdalehs@buzzfeed.com', 51, 67),
(642, 'dhuikerbyht@sciencedaily.com', 30, 128),
(643, 'dfranzolihu@cdbaby.com', 79, 842),
(644, 'qdomineyhv@umn.edu', 16, 938),
(645, 'ckemethw@ehow.com', 41, 587),
(646, 'mjurzykhx@forbes.com', 63, 765),
(647, 'dantonovichy@mit.edu', 72, 632),
(648, 'tdartonhz@ebay.co.uk', 99, 41),
(649, 'fluxi0@apple.com', 50, 352),
(650, 'mdenslowi1@marriott.com', 30, 501),
(651, 'mdeeleyi2@mozilla.org', 87, 775),
(652, 'idrewelli3@sakura.ne.jp', 43, 374),
(653, 'achastaingi4@hibu.com', 62, 460),
(654, 'bciobutarui5@parallels.com', 76, 393),
(655, 'aburgotti6@geocities.jp', 2, 852),
(656, 'cklasi7@so-net.ne.jp', 95, 348),
(657, 'cdrinnani8@flickr.com', 30, 940),
(658, 'dproskei9@reference.com', 29, 286),
(659, 'skalbia@ebay.com', 8, 81),
(660, 'thallahanib@ca.gov', 88, 600),
(661, 'bcraskeic@bing.com', 71, 759),
(662, 'lfilyaevid@soup.io', 79, 375),
(663, 'tbordissie@free.fr', 1, 62),
(664, 'pdrageif@usnews.com', 43, 7),
(665, 'tshalcrosig@nhs.uk', 82, 207),
(666, 'dmcdonellih@skype.com', 51, 768),
(667, 'jpancastii@alexa.com', 36, 516),
(668, 'cmckinieij@vistaprint.com', 38, 902),
(669, 'tohannayik@state.tx.us', 94, 127),
(670, 'smaryil@google.cn', 66, 853),
(671, 'aswainstonim@census.gov', 1, 717),
(672, 'jfruchonin@gmpg.org', 26, 737),
(673, 'lgabbotio@techcrunch.com', 88, 668),
(674, 'reslieip@ifeng.com', 72, 988),
(675, 'rpettigrewiq@dot.gov', 6, 274),
(677, 'hgresswoodis@i2i.jp', 35, 409),
(678, 'emoizerit@hibu.com', 17, 642),
(679, 'dmccruddeniu@prweb.com', 17, 630),
(680, 'rcamockiv@biglobe.ne.jp', 59, 593),
(681, 'edanyiw@google.nl', 19, 566),
(682, 'gdumbletonix@blogspot.com', 26, 893),
(683, 'nramelotiy@simplemachines.org', 68, 706),
(684, 'dburtenshawiz@vkontakte.ru', 83, 202),
(685, 'zlandalj0@techcrunch.com', 32, 490),
(686, 'rdaintierj1@spiegel.de', 67, 754),
(687, 'lkemshellj2@wiley.com', 94, 834),
(688, 'jzinij3@guardian.co.uk', 25, 155),
(689, 'mdavenportj4@state.tx.us', 17, 812),
(690, 'nbrazelj5@wordpress.org', 3, 89),
(691, 'dlavenderj6@slashdot.org', 82, 50),
(692, 'echestnuttj7@w3.org', 52, 179),
(693, 'dlippinij8@gmpg.org', 3, 982),
(694, 'cborrellj9@ft.com', 48, 241),
(695, 'wcomelloja@facebook.com', 25, 372),
(697, 'tclouterjc@joomla.org', 40, 114),
(698, 'pkobschjd@who.int', 70, 442),
(699, 'rreynoldje@360.cn', 51, 913),
(700, 'tyarralljf@google.co.uk', 85, 906),
(701, 'mbykjg@un.org', 75, 563),
(702, 'nyeldhamjh@webmd.com', 84, 39),
(703, 'fjosofovitzji@sourceforge.net', 88, 582),
(704, 'sfayrejj@hhs.gov', 83, 31),
(705, 'eklusjk@soup.io', 30, 778),
(706, 'sskinglejl@umn.edu', 67, 891),
(707, 'lcruisejm@usa.gov', 9, 347),
(708, 'sclouterjn@europa.eu', 22, 505),
(709, 'dfiddymentjo@soundcloud.com', 93, 184),
(710, 'hrabbjp@alexa.com', 82, 257),
(711, 'larnejq@google.fr', 93, 551),
(712, 'ctimewelljr@springer.com', 94, 637),
(713, 'dholtumjs@rakuten.co.jp', 51, 577),
(714, 'hskeggjt@tinyurl.com', 70, 912),
(715, 'ajeppersonju@clickbank.net', 13, 786),
(716, 'jjellingsjv@ow.ly', 81, 638),
(717, 'vneatjw@zimbio.com', 26, 364),
(718, 'rlyejx@blogs.com', 11, 894),
(719, 'tlippattjy@vk.com', 45, 360),
(720, 'hdifriscojz@npr.org', 32, 393),
(721, 'lgedlingk0@mlb.com', 73, 946),
(722, 'proomek1@moonfruit.com', 15, 26),
(723, 'wsangk2@about.com', 22, 480),
(724, 'echristofek3@cpanel.net', 62, 809),
(725, 'mdalmeidak4@alibaba.com', 80, 729),
(726, 'balgiek5@macromedia.com', 24, 973),
(727, 'vfullunk6@ca.gov', 64, 874),
(728, 'lolechnowiczk7@bravesites.com', 63, 564),
(729, 'rtomkinsonk8@whitehouse.gov', 33, 739),
(730, 'mfrenschk9@huffingtonpost.com', 75, 529),
(731, 'iwareingka@discuz.net', 92, 878),
(732, 'gbatsfordkb@google.pl', 35, 734),
(733, 'scolquitekc@github.com', 99, 154),
(734, 'lsirrellkd@pen.io', 26, 194),
(735, 'abellayke@china.com.cn', 47, 475),
(736, 'ktommeokf@princeton.edu', 91, 491),
(737, 'cdustingkg@upenn.edu', 85, 878),
(738, 'feakekh@virginia.edu', 84, 715),
(739, 'wrubrowki@furl.net', 1, 135),
(740, 'rvinkerkj@wp.com', 2, 898),
(741, 'asoanskk@telegraph.co.uk', 79, 407),
(742, 'icullumkl@zimbio.com', 37, 793),
(743, 'fpennaccikm@hatena.ne.jp', 23, 927),
(744, 'splascottkn@gizmodo.com', 72, 289),
(745, 'dwinfindaleko@indiegogo.com', 94, 403),
(746, 'tgleadlekp@reverbnation.com', 96, 921),
(747, 'jlyvonkq@cafepress.com', 37, 937),
(748, 'ltownrowkr@apache.org', 26, 788),
(749, 'rhummerstonks@icio.us', 54, 94),
(750, 'driochkt@npr.org', 58, 235),
(751, 'pronaldsonku@house.gov', 33, 854),
(753, 'celieskw@icio.us', 99, 48),
(754, 'fdmitrkx@va.gov', 41, 122),
(755, 'ialltimesky@tamu.edu', 52, 549),
(756, 'dtruswellkz@360.cn', 64, 818),
(757, 'wmcilwainel0@cloudflare.com', 1, 876),
(758, 'clefeaverl1@npr.org', 65, 52),
(759, 'dcostinl2@sogou.com', 36, 461),
(760, 'kflowersl3@macromedia.com', 72, 636),
(761, 'bbereclothl4@foxnews.com', 66, 569),
(762, 'tbratchelll5@hao123.com', 24, 631),
(763, 'vgreerl6@marketwatch.com', 1, 263),
(764, 'dvinterl7@symantec.com', 9, 566),
(765, 'hsearyl8@hud.gov', 89, 315),
(766, 'ckuhnhardtl9@samsung.com', 99, 113),
(767, 'nchuneyla@chicagotribune.com', 49, 317),
(768, 'eblaberlb@domainmarket.com', 76, 517),
(769, 'hivashchenkolc@un.org', 12, 376),
(771, 'svanyarkinle@nhs.uk', 47, 846),
(772, 'fventhamlf@fda.gov', 94, 923),
(773, 'ttiernanlg@narod.ru', 86, 775),
(774, 'glaredlh@google.com', 89, 661),
(775, 'acanetli@goo.gl', 82, 761),
(776, 'bharroplj@over-blog.com', 96, 627),
(777, 'ralgielk@netscape.com', 89, 845),
(778, 'dmcgrirlll@gnu.org', 19, 370),
(779, 'etomasicchiolm@cbslocal.com', 11, 973),
(780, 'hviggarsln@github.com', 42, 867),
(781, 'jtyrelo@feedburner.com', 33, 461),
(782, 'smcbreartylp@newyorker.com', 63, 187),
(783, 'lbecarralq@comsenz.com', 39, 516),
(784, 'fsherbornlr@pcworld.com', 3, 750),
(785, 'dbaggelleyls@pbs.org', 24, 729),
(786, 'blerwaylt@craigslist.org', 52, 411),
(787, 'rscothernlu@github.com', 26, 592),
(788, 'tmunningslv@psu.edu', 71, 57),
(789, 'tgoulstonelw@slashdot.org', 96, 632),
(790, 'amallowslx@typepad.com', 39, 61),
(791, 'tbernettely@twitpic.com', 80, 692),
(792, 'ajouhanlz@jiathis.com', 6, 265),
(793, 'dsomnerm0@nba.com', 50, 350),
(794, 'hliddonm1@nt.org', 40, 916),
(795, 'blamdinm2@tamu.edu', 82, 409),
(796, 'aaplinm3@boston.com', 54, 999),
(797, 'bdourism4@goo.ne.jp', 98, 35),
(798, 'eairtonm5@sphinn.com', 7, 71),
(799, 'icadorem6@nyu.edu', 60, 869),
(800, 'dbatcheldorm7@engadget.com', 10, 451),
(801, 'bwissonm8@shop-pro.jp', 65, 156),
(802, 'atrittamm9@surveymonkey.com', 7, 360),
(803, 'syurshevma@csmonitor.com', 12, 218),
(804, 'averomb@exblog.jp', 73, 563),
(805, 'bpanniersmc@ed.gov', 19, 187),
(806, 'rsullymd@narod.ru', 9, 480),
(807, 'cbadrockme@tripadvisor.com', 67, 205),
(808, 'adiniscomf@icio.us', 93, 988),
(809, 'sentreismg@google.fr', 39, 862),
(810, 'bbossemh@webnode.com', 12, 813),
(811, 'cchownmi@about.com', 63, 847),
(812, 'iorrocksmj@google.it', 81, 327),
(813, 'aportemk@tuttocitta.it', 74, 682),
(814, 'cwrassellml@tinypic.com', 9, 313),
(815, 'ecasselmm@gmpg.org', 42, 378),
(816, 'dspearesmn@berkeley.edu', 39, 81),
(818, 'mdurnillmp@soundcloud.com', 50, 456),
(819, 'gtamblingsonmq@imageshack.us', 53, 570),
(820, 'afaraharmr@yolasite.com', 69, 417),
(821, 'dsoltanms@fda.gov', 45, 899),
(822, 'sthoroldmt@yelp.com', 93, 720),
(823, 'hliggensmu@dedecms.com', 31, 674),
(824, 'nroggermv@sogou.com', 25, 930),
(825, 'caspelmw@wix.com', 28, 569),
(827, 'mtythacottmy@rambler.ru', 21, 564),
(828, 'amathiotmz@census.gov', 59, 454),
(829, 'ldavenalln0@wiley.com', 95, 452),
(830, 'mgittensn1@booking.com', 6, 303),
(831, 'greddingn2@discovery.com', 94, 818),
(832, 'obegwelln3@cbc.ca', 28, 86),
(833, 'bsimonin4@blog.com', 72, 893),
(834, 'ehewelln5@usa.gov', 62, 294),
(835, 'vharleyn6@noaa.gov', 69, 555),
(836, 'cfoggartyn7@comcast.net', 53, 82),
(837, 'ngreenfieldn8@mail.ru', 51, 119),
(838, 'snicholsonn9@edublogs.org', 83, 790),
(839, 'edominickna@engadget.com', 11, 123),
(840, 'sjosefssonnb@ucoz.ru', 58, 742),
(841, 'amacsweennc@redcross.org', 67, 941),
(842, 'hdarragonnd@earthlink.net', 45, 720),
(843, 'othornallyne@elegantthemes.com', 65, 303),
(844, 'zhayternf@thetimes.co.uk', 41, 589),
(845, 'gbodyng@npr.org', 85, 763),
(846, 'sspearnh@uiuc.edu', 36, 309),
(847, 'rskoylesni@huffingtonpost.com', 57, 461),
(848, 'mbrowsenj@mayoclinic.com', 74, 3),
(849, 'ahancornnk@npr.org', 37, 869),
(850, 'twattishamnl@time.com', 89, 380),
(851, 'hsansamnm@hc360.com', 8, 236),
(852, 'gmierenn@ow.ly', 56, 676),
(853, 'webbensno@dropbox.com', 67, 357),
(854, 'sfreebornnp@spotify.com', 54, 300),
(855, 'randreasennq@samsung.com', 17, 879),
(856, 'jarundellnr@patch.com', 64, 13),
(857, 'cnuccitellins@opensource.org', 55, 192),
(859, 'ldiwellnu@timesonline.co.uk', 25, 48),
(860, 'ybucklernv@posterous.com', 13, 998),
(861, 'cbendlenw@indiegogo.com', 80, 135),
(862, 'ajezzardnx@wunderground.com', 28, 697),
(863, 'wnatteny@google.cn', 34, 772),
(864, 'kschneidarnz@newsvine.com', 64, 410),
(865, 'mhussyo0@feedburner.com', 48, 3),
(866, 'wkirmano1@boston.com', 37, 228),
(867, 'econahyo2@quantcast.com', 52, 109),
(868, 'mbritono3@cnbc.com', 31, 144),
(869, 'parnaoo4@washington.edu', 15, 271),
(870, 'lolliero5@ox.ac.uk', 88, 139),
(871, 'cshaylero6@desdev.cn', 45, 388),
(872, 'imarteleto7@shop-pro.jp', 60, 815),
(873, 'ftorbecko8@booking.com', 66, 900),
(874, 'hmatijasevico9@i2i.jp', 34, 271),
(875, 'cbenardeauoa@dmoz.org', 64, 981),
(876, 'fbywatersob@studiopress.com', 14, 585),
(877, 'ubulmeroc@livejournal.com', 29, 390),
(878, 'tlamberteschiod@bandcamp.com', 91, 424),
(879, 'nbrosolioe@discuz.net', 10, 742),
(880, 'hpepinof@example.com', 25, 87),
(881, 'edunnetog@technorati.com', 43, 276),
(882, 'mchantillonoh@bandcamp.com', 52, 886),
(883, 'nsearleoi@yellowpages.com', 50, 869),
(884, 'alandrieuoj@accuweather.com', 20, 883),
(885, 'groddamok@istockphoto.com', 72, 28),
(886, 'dlarmanol@ucoz.ru', 84, 759),
(887, 'cjanatkaom@parallels.com', 11, 361),
(888, 'ffurphyon@oracle.com', 77, 712),
(890, 'ppinckop@home.pl', 21, 766),
(891, 'nlammieoq@360.cn', 76, 535),
(892, 'cdalrympleor@mozilla.org', 67, 777),
(893, 'amanusos@mediafire.com', 62, 766),
(894, 'cmacduffot@smh.com.au', 80, 376),
(895, 'lbrendekeou@rambler.ru', 80, 927),
(896, 'gkerrodov@dyndns.org', 82, 433),
(897, 'ameijerow@cpanel.net', 18, 499),
(898, 'dcolleymoreox@sbwire.com', 14, 162),
(899, 'cspenderoy@diigo.com', 74, 793),
(900, 'mcustyoz@google.it', 98, 989),
(901, 'fbusep0@harvard.edu', 27, 586),
(902, 'hmartellp1@typepad.com', 21, 790),
(903, 'evaynep2@huffingtonpost.com', 92, 488),
(904, 'jroycraftp3@hud.gov', 19, 961),
(905, 'hdilonp4@redcross.org', 70, 316),
(906, 'fbendixenp5@vk.com', 54, 645),
(907, 'xgrannellp6@go.com', 94, 528),
(908, 'ejindrichp7@guardian.co.uk', 96, 957),
(909, 'efoltinp8@yelp.com', 12, 487),
(910, 'jpreuvostp9@angelfire.com', 84, 424),
(911, 'ecopnellpa@blogtalkradio.com', 39, 527),
(912, 'tcullimorepb@nifty.com', 92, 903),
(913, 'astitsonpc@taobao.com', 84, 424),
(914, 'oneilandpd@uiuc.edu', 78, 356),
(915, 'locarrolpe@nhs.uk', 28, 716),
(916, 'sgardenerpf@bbc.co.uk', 44, 838),
(917, 'abattlestonepg@bing.com', 98, 752),
(918, 'lmcquillanph@hfpost.com', 99, 676),
(919, 'jcapperpi@nbcnews.com', 83, 863),
(920, 'wkeefepj@unc.edu', 72, 984),
(921, 'fpammentpk@123-reg.co.uk', 31, 913),
(922, 'plinggoodpl@moonfruit.com', 53, 177),
(923, 'spayepm@shutterfly.com', 77, 915),
(924, 'zdrablepn@wired.com', 85, 552),
(925, 'arawespo@vimeo.com', 90, 306),
(926, 'mcogmanpp@nhs.uk', 77, 633),
(927, 'jsnadenpq@lulu.com', 61, 54),
(928, 'clemarquandpr@pinterest.com', 22, 782),
(929, 'mclemesps@whitehouse.gov', 73, 843),
(930, 'vgillesonpt@admin.ch', 42, 158),
(931, 'nanningpu@answers.com', 39, 460),
(932, 'emiskimmonpv@dion.ne.jp', 11, 572),
(933, 'pdamperpw@taobao.com', 57, 230),
(934, 'lchaterpx@senate.gov', 39, 538),
(935, 'tchaineypy@amazon.co.uk', 59, 478),
(936, 'screaneypz@behance.net', 6, 672),
(937, 'cdymokeq0@spotify.com', 8, 277),
(938, 'dhapgoodq1@blogspot.com', 52, 331),
(939, 'fmorrowq2@seattletimes.com', 19, 470),
(940, 'fbraggerq3@blog.com', 94, 755),
(941, 'hhowlinq4@scribd.com', 13, 124),
(942, 'deitterq5@friendfeed.com', 75, 180),
(943, 'chullsq6@disqus.com', 21, 943),
(944, 'mharrissq7@yellowbook.com', 43, 546),
(945, 'kkeganq8@vkontakte.ru', 11, 386),
(946, 'epawfootq9@amazon.de', 30, 499),
(947, 'dcarverqa@wufoo.com', 72, 325),
(948, 'bbarbosaqb@imdb.com', 94, 238),
(949, 'atomasekqc@delicious.com', 47, 912),
(950, 'smaccrackanqd@alibaba.com', 61, 832),
(951, 'chobbertqe@ezinearticles.com', 57, 291),
(952, 'sgeroqf@cam.ac.uk', 2, 577),
(953, 'mduffilqg@cbslocal.com', 18, 586),
(954, 'egoldingayqh@blogs.com', 51, 507),
(955, 'cvoiceqi@goodreads.com', 28, 682),
(956, 'shonischqj@yolasite.com', 55, 857),
(957, 'ykillwickqk@examiner.com', 2, 817),
(958, 'rtremolieresql@wiley.com', 86, 45),
(959, 'wdalwisqm@cnbc.com', 67, 834),
(960, 'dswannackqn@bbb.org', 16, 597),
(961, 'acrossanqo@dell.com', 80, 482),
(962, 'zehratqp@aol.com', 45, 36),
(963, 'atrenchardqq@elegantthemes.com', 10, 426),
(964, 'seasmanqr@over-blog.com', 63, 339),
(965, 'jrosbroughqs@php.net', 19, 848),
(966, 'hrenvoysqt@shareasale.com', 62, 598),
(967, 'jcappqu@gov.uk', 87, 145),
(968, 'atardiffqv@apple.com', 86, 742),
(969, 'adyersqw@wordpress.com', 54, 839),
(970, 'plehouxqx@netvibes.com', 87, 617),
(971, 'hredgraveqy@squarespace.com', 64, 374),
(972, 'mlosebieqz@i2i.jp', 41, 42),
(973, 'wmaccostyer0@123-reg.co.uk', 24, 577),
(974, 'ielldredr1@nydailynews.com', 16, 617),
(975, 'dhambidger2@newyorker.com', 80, 140),
(976, 'rrussamr3@wiley.com', 21, 114),
(977, 'wsuthworthr4@topsy.com', 79, 617),
(978, 'cgowanlockr5@g.co', 99, 300),
(979, 'knunnsr6@ebay.co.uk', 64, 334),
(980, 'shonnanr7@rambler.ru', 86, 200),
(981, 'jsauntr8@miitbeian.gov.cn', 69, 331),
(982, 'ddobyr9@wikispaces.com', 18, 265),
(983, 'gdukera@latimes.com', 87, 185),
(984, 'wberminghamrb@mlb.com', 69, 812),
(985, 'halcoranrc@dedecms.com', 28, 27),
(986, 'clackmannrd@huffingtonpost.com', 100, 627),
(987, 'nbarmadierre@cnet.com', 96, 962),
(988, 'ttruckettrf@purevolume.com', 51, 68),
(989, 'btroddrg@blinklist.com', 11, 123),
(990, 'cmosdallrh@indiegogo.com', 73, 776),
(991, 'rlaxsonri@vkontakte.ru', 95, 650),
(992, 'jbaikerj@statcounter.com', 61, 991),
(993, 'tbaldellirk@toplist.cz', 77, 544),
(994, 'rmuzzullorl@bs.com', 18, 32),
(995, 'rmcilwraithrm@blog.com', 37, 878),
(996, 'vfilyashinrn@slate.com', 30, 62),
(997, 'ajealro@psu.edu', 20, 378),
(998, 'dmacloughlinrp@ask.com', 61, 602),
(999, 'mgeeverq@who.int', 79, 547),
(1000, 'mlambotrr@mail.ru', 24, 304);

insert into VOTE (id_vote, value, id_game, id_system_user) values (1, 3, 77, 850),
(2, 0, 13, 501),
(3, 2, 59, 375),
(4, 9, 88, 218),
(5, 8, 91, 127),
(6, 4, 38, 728),
(7, 3, 41, 980),
(8, 8, 99, 33),
(9, 8, 91, 432),
(10, 8, 32, 54),
(11, 0, 98, 940),
(12, 1, 31, 38),
(13, 3, 45, 695),
(14, 8, 16, 175),
(15, 0, 32, 902),
(16, 5, 14, 492),
(17, 6, 48, 116),
(18, 8, 34, 269),
(19, 2, 12, 182),
(20, 1, 100, 612),
(21, 6, 45, 408),
(22, 0, 41, 712),
(23, 2, 55, 952),
(24, 3, 60, 39),
(25, 2, 45, 738),
(26, 5, 20, 168),
(27, 1, 39, 903),
(28, 5, 28, 597),
(29, 7, 59, 252),
(30, 10, 50, 52),
(31, 1, 93, 155),
(32, 10, 72, 964),
(33, 1, 39, 963),
(34, 5, 28, 584),
(35, 0, 22, 516),
(36, 8, 64, 443),
(37, 4, 6, 176),
(38, 5, 24, 34),
(39, 5, 2, 82),
(40, 10, 98, 142),
(41, 7, 23, 90),
(42, 10, 38, 527),
(43, 1, 22, 486),
(44, 4, 73, 678),
(45, 1, 68, 775),
(46, 6, 10, 959),
(47, 7, 61, 896),
(48, 5, 72, 726),
(49, 8, 48, 375),
(50, 3, 93, 389),
(51, 3, 26, 775),
(52, 1, 65, 948),
(53, 2, 93, 320),
(54, 8, 72, 320),
(55, 3, 24, 560),
(56, 1, 63, 488),
(57, 6, 87, 774),
(58, 5, 53, 827),
(59, 0, 26, 852),
(60, 4, 24, 586),
(61, 2, 78, 441),
(62, 2, 10, 329),
(63, 2, 72, 484),
(64, 1, 32, 708),
(65, 5, 10, 206),
(66, 7, 76, 346),
(67, 9, 21, 34),
(68, 5, 27, 131),
(69, 10, 46, 256),
(70, 1, 43, 952),
(71, 9, 86, 757),
(72, 5, 24, 718),
(73, 4, 30, 996),
(74, 1, 20, 269),
(75, 0, 13, 605),
(76, 9, 93, 757),
(77, 1, 88, 431),
(78, 4, 95, 935),
(79, 6, 66, 266),
(80, 6, 11, 459),
(81, 5, 68, 716),
(82, 0, 10, 267),
(83, 0, 79, 362),
(84, 7, 31, 786),
(85, 10, 50, 464),
(86, 8, 12, 528),
(87, 9, 67, 222),
(88, 10, 19, 192),
(89, 10, 2, 979),
(90, 7, 6, 659),
(91, 8, 33, 751),
(92, 8, 78, 381),
(93, 0, 88, 349),
(94, 6, 66, 36),
(95, 8, 84, 820),
(96, 10, 16, 252),
(97, 8, 53, 141),
(98, 9, 50, 844),
(99, 7, 55, 747),
(100, 2, 98, 798),
(101, 0, 37, 436),
(102, 1, 62, 39),
(103, 4, 35, 118),
(104, 5, 85, 358),
(105, 7, 86, 593),
(106, 0, 50, 60),
(107, 4, 33, 164),
(108, 10, 18, 427),
(109, 4, 96, 201),
(110, 3, 82, 165),
(111, 4, 37, 97),
(112, 3, 66, 343),
(113, 9, 69, 806),
(114, 6, 51, 496),
(115, 7, 25, 547),
(116, 8, 96, 810),
(117, 5, 24, 975),
(118, 9, 98, 809),
(119, 2, 30, 154),
(120, 1, 17, 382),
(121, 4, 16, 256),
(122, 1, 16, 436),
(123, 0, 1, 614),
(124, 4, 13, 916),
(125, 2, 67, 661),
(126, 8, 32, 703),
(127, 8, 65, 480),
(128, 8, 21, 317),
(129, 8, 94, 405),
(130, 2, 27, 411),
(131, 6, 34, 360),
(132, 4, 58, 899),
(133, 2, 81, 365),
(134, 5, 86, 478),
(135, 9, 72, 629),
(136, 10, 1, 281),
(137, 7, 45, 778),
(138, 5, 51, 583),
(139, 7, 28, 981),
(140, 6, 61, 580),
(141, 4, 97, 658),
(143, 9, 29, 15),
(144, 0, 52, 329),
(145, 3, 94, 848),
(146, 2, 16, 425),
(147, 4, 73, 732),
(148, 5, 61, 776),
(149, 0, 73, 670),
(150, 4, 40, 921),
(151, 3, 8, 814),
(152, 5, 22, 862),
(153, 9, 9, 437),
(154, 7, 50, 261),
(155, 5, 16, 891),
(156, 2, 98, 181),
(157, 9, 96, 95),
(158, 3, 99, 174),
(159, 9, 42, 638),
(160, 9, 20, 21),
(161, 1, 91, 752),
(162, 10, 78, 979),
(163, 0, 64, 549),
(164, 6, 73, 12),
(165, 9, 58, 52),
(166, 1, 100, 289),
(167, 2, 45, 176),
(168, 5, 74, 602),
(169, 3, 17, 897),
(170, 1, 72, 471),
(171, 7, 54, 42),
(172, 3, 39, 720),
(173, 2, 14, 638),
(174, 7, 39, 971),
(175, 4, 15, 23),
(176, 7, 75, 37),
(177, 8, 75, 926),
(178, 1, 7, 55),
(179, 7, 69, 928),
(180, 9, 74, 815),
(181, 1, 56, 689),
(182, 8, 85, 265),
(183, 1, 30, 44),
(184, 4, 13, 845),
(185, 3, 60, 400),
(186, 6, 43, 911),
(187, 3, 24, 365),
(188, 5, 95, 541),
(189, 9, 30, 737),
(190, 6, 58, 701),
(191, 5, 55, 104),
(192, 0, 71, 75),
(193, 5, 33, 182),
(194, 5, 72, 948),
(195, 10, 100, 576),
(196, 5, 71, 662),
(197, 2, 67, 15),
(198, 7, 13, 719),
(199, 3, 64, 78),
(200, 7, 18, 742),
(201, 10, 11, 825),
(202, 8, 13, 995),
(203, 5, 44, 362),
(204, 10, 60, 323),
(205, 3, 74, 766),
(206, 8, 72, 96),
(207, 2, 42, 966),
(208, 7, 39, 585),
(209, 8, 9, 325),
(210, 9, 42, 169),
(211, 9, 38, 480),
(212, 6, 37, 703),
(213, 0, 17, 252),
(214, 9, 99, 138),
(215, 6, 34, 418),
(216, 4, 83, 137),
(217, 9, 48, 669),
(218, 7, 21, 683),
(220, 3, 97, 990),
(221, 10, 91, 721),
(222, 7, 71, 827),
(223, 10, 10, 435),
(224, 10, 51, 62),
(225, 9, 34, 668),
(226, 0, 15, 501),
(227, 9, 12, 634),
(228, 10, 8, 655),
(229, 0, 42, 392),
(230, 0, 40, 415),
(231, 4, 77, 130),
(232, 0, 43, 198),
(233, 5, 38, 723),
(234, 8, 64, 7),
(235, 2, 66, 763),
(236, 3, 45, 824),
(237, 10, 56, 370),
(238, 8, 95, 508),
(239, 9, 6, 638),
(240, 6, 25, 542),
(241, 8, 42, 865),
(242, 8, 96, 680),
(243, 10, 21, 617),
(244, 4, 58, 732),
(245, 6, 41, 332),
(246, 3, 80, 490),
(247, 10, 32, 70),
(249, 6, 53, 8),
(250, 4, 37, 250),
(251, 5, 60, 741),
(252, 2, 6, 633),
(253, 0, 83, 918),
(254, 4, 58, 822),
(255, 2, 56, 10),
(256, 9, 60, 528),
(257, 10, 81, 239),
(258, 10, 3, 569),
(259, 0, 80, 132),
(260, 1, 3, 58),
(261, 2, 82, 963),
(262, 2, 100, 869),
(263, 4, 99, 219),
(264, 1, 62, 48),
(265, 9, 56, 378),
(266, 3, 72, 401),
(268, 1, 31, 579),
(269, 10, 82, 945),
(270, 9, 59, 839),
(271, 3, 77, 980),
(272, 1, 16, 865),
(273, 10, 97, 584),
(274, 2, 21, 787),
(275, 5, 98, 52),
(276, 3, 38, 977),
(277, 1, 12, 766),
(278, 8, 33, 561),
(279, 6, 32, 119),
(280, 5, 36, 494),
(281, 0, 3, 269),
(282, 6, 53, 899),
(283, 4, 24, 898),
(284, 1, 100, 527),
(285, 0, 44, 459),
(286, 5, 59, 322),
(287, 5, 88, 249),
(288, 8, 69, 287),
(289, 3, 43, 221),
(290, 1, 12, 165),
(291, 0, 83, 52),
(292, 8, 28, 362),
(293, 6, 99, 812),
(294, 0, 97, 708),
(295, 5, 34, 322),
(296, 0, 31, 605),
(297, 1, 1, 944),
(298, 6, 72, 966),
(299, 8, 58, 340),
(300, 1, 83, 687),
(301, 7, 70, 795),
(302, 5, 43, 67),
(303, 7, 41, 321),
(304, 8, 62, 397),
(305, 9, 55, 787),
(306, 10, 98, 704),
(307, 1, 1, 145),
(308, 7, 65, 206),
(309, 1, 41, 123),
(310, 1, 13, 90),
(311, 1, 84, 325),
(312, 5, 62, 281),
(314, 9, 93, 139),
(315, 10, 17, 244),
(316, 1, 99, 329),
(317, 4, 93, 671),
(318, 1, 3, 876),
(319, 2, 49, 3),
(320, 4, 65, 234),
(321, 6, 38, 750),
(322, 5, 95, 301),
(323, 6, 15, 795),
(324, 6, 71, 188),
(326, 0, 95, 774),
(327, 2, 57, 637),
(328, 2, 29, 754),
(329, 2, 75, 522),
(330, 9, 65, 249),
(331, 6, 51, 593),
(332, 6, 77, 5),
(333, 1, 59, 260),
(334, 5, 96, 223),
(336, 6, 76, 514),
(337, 2, 66, 218),
(338, 0, 51, 837),
(339, 8, 51, 720),
(340, 5, 48, 762),
(341, 10, 52, 979),
(342, 3, 47, 2),
(343, 6, 85, 571),
(344, 3, 59, 316),
(345, 3, 38, 938),
(346, 3, 74, 685),
(347, 5, 96, 502),
(348, 7, 29, 554),
(349, 7, 77, 141),
(350, 3, 17, 159),
(351, 9, 49, 78),
(352, 1, 70, 507),
(353, 10, 84, 516),
(354, 4, 96, 480),
(355, 4, 69, 925),
(356, 5, 86, 721),
(357, 8, 36, 59),
(358, 4, 13, 683),
(359, 2, 55, 28),
(360, 5, 86, 364),
(361, 7, 41, 543),
(362, 10, 59, 872),
(363, 8, 95, 33),
(364, 9, 79, 650),
(365, 6, 64, 650),
(366, 4, 99, 644),
(367, 5, 44, 487),
(368, 4, 6, 897),
(369, 8, 79, 427),
(370, 0, 83, 755),
(371, 9, 77, 650),
(372, 3, 77, 367),
(373, 3, 12, 799),
(374, 9, 48, 331),
(375, 2, 52, 600),
(376, 0, 7, 317),
(377, 2, 68, 82),
(378, 5, 30, 174),
(379, 7, 78, 747),
(380, 9, 49, 567),
(381, 8, 71, 45),
(382, 7, 32, 13),
(383, 2, 40, 429),
(384, 8, 66, 703),
(385, 9, 77, 763),
(386, 3, 52, 844),
(387, 1, 88, 531),
(389, 0, 27, 786),
(390, 1, 69, 283),
(392, 10, 63, 950),
(393, 4, 82, 408),
(394, 9, 62, 404),
(395, 6, 72, 936),
(397, 10, 67, 404),
(398, 5, 42, 212),
(399, 3, 88, 416),
(400, 9, 35, 442),
(401, 6, 8, 310),
(402, 6, 91, 722),
(403, 4, 71, 249),
(404, 4, 36, 161),
(405, 5, 82, 321),
(406, 2, 61, 201),
(407, 5, 98, 632),
(408, 7, 71, 86),
(409, 10, 17, 807),
(411, 2, 31, 506),
(412, 1, 42, 187),
(413, 3, 3, 897),
(414, 9, 36, 255),
(415, 9, 95, 920),
(416, 7, 57, 294),
(417, 0, 76, 833),
(418, 0, 71, 8),
(419, 1, 8, 648),
(420, 7, 90, 293),
(421, 4, 74, 53),
(422, 1, 31, 210),
(423, 5, 83, 128),
(425, 6, 60, 845),
(426, 7, 15, 826),
(427, 3, 61, 543),
(428, 3, 26, 308),
(429, 2, 41, 706),
(430, 0, 43, 206),
(431, 6, 44, 192),
(432, 1, 38, 385),
(433, 5, 23, 430),
(434, 4, 98, 113),
(435, 6, 42, 322),
(436, 9, 2, 405),
(437, 10, 44, 233),
(438, 0, 89, 464),
(439, 7, 86, 469),
(440, 9, 76, 315),
(441, 3, 88, 48),
(442, 7, 80, 295),
(443, 2, 89, 615),
(444, 4, 32, 53),
(445, 4, 45, 379),
(446, 0, 13, 425),
(447, 8, 22, 406),
(448, 5, 67, 823),
(449, 7, 25, 865),
(450, 0, 97, 401),
(452, 6, 17, 699),
(453, 7, 15, 345),
(454, 5, 30, 113),
(455, 3, 21, 650),
(456, 7, 71, 708),
(457, 2, 64, 464),
(458, 7, 13, 201),
(459, 6, 15, 730),
(460, 9, 18, 252),
(461, 2, 89, 705),
(462, 3, 87, 290),
(463, 0, 56, 38),
(464, 9, 46, 13),
(465, 4, 91, 832),
(466, 2, 64, 155),
(467, 2, 27, 350),
(468, 3, 50, 665),
(469, 0, 88, 796),
(470, 2, 67, 492),
(471, 3, 100, 547),
(472, 6, 80, 786),
(473, 4, 17, 362),
(474, 1, 18, 814),
(475, 0, 19, 761),
(476, 7, 21, 187),
(477, 0, 11, 273),
(478, 0, 73, 799),
(479, 6, 89, 487),
(480, 9, 65, 336),
(481, 9, 10, 832),
(482, 8, 72, 829),
(483, 6, 1, 905),
(484, 4, 70, 909),
(485, 10, 42, 948),
(486, 8, 64, 989),
(487, 9, 72, 451),
(488, 10, 94, 824),
(489, 0, 8, 217),
(490, 3, 31, 42),
(491, 3, 86, 614),
(492, 5, 72, 959),
(493, 6, 47, 665),
(494, 1, 93, 456),
(496, 7, 51, 804),
(497, 9, 9, 393),
(498, 10, 70, 148),
(499, 1, 18, 927),
(500, 2, 16, 742),
(501, 1, 50, 113),
(502, 4, 72, 728),
(503, 10, 79, 839),
(504, 6, 7, 235),
(505, 10, 37, 340),
(506, 0, 68, 324),
(507, 3, 36, 221),
(508, 9, 17, 1),
(509, 0, 57, 94),
(510, 8, 60, 754),
(511, 1, 84, 605),
(512, 0, 19, 520),
(513, 6, 40, 951),
(514, 8, 14, 249),
(515, 8, 41, 846),
(516, 9, 64, 472),
(517, 6, 10, 963),
(518, 5, 71, 796),
(519, 10, 25, 766),
(520, 1, 47, 992),
(521, 5, 31, 131),
(522, 0, 61, 47),
(523, 0, 59, 773),
(524, 5, 61, 320),
(525, 3, 60, 274),
(526, 1, 3, 69),
(527, 4, 59, 343),
(529, 10, 45, 789),
(530, 4, 3, 751),
(531, 5, 54, 946),
(532, 3, 99, 289),
(533, 5, 40, 697),
(534, 6, 63, 960),
(535, 1, 83, 812),
(536, 1, 38, 844),
(537, 2, 9, 829),
(538, 4, 14, 161),
(539, 5, 41, 895),
(540, 7, 13, 753),
(541, 1, 70, 888),
(542, 1, 75, 797),
(543, 10, 92, 830),
(545, 0, 48, 823),
(546, 8, 35, 989),
(547, 5, 80, 701),
(548, 8, 15, 9),
(549, 6, 69, 497),
(550, 1, 86, 984),
(551, 0, 10, 26),
(552, 0, 31, 533),
(553, 5, 11, 905),
(554, 6, 3, 171),
(555, 8, 67, 914),
(556, 10, 57, 792),
(557, 4, 49, 728),
(558, 1, 11, 873),
(559, 9, 79, 68),
(560, 2, 76, 452),
(561, 8, 42, 489),
(562, 6, 84, 873),
(564, 6, 11, 797),
(565, 8, 72, 251),
(566, 9, 3, 438),
(567, 1, 19, 256),
(568, 10, 60, 394),
(569, 2, 86, 328),
(570, 6, 82, 238),
(571, 5, 72, 593),
(572, 6, 22, 966),
(574, 2, 90, 423),
(575, 8, 38, 372),
(576, 6, 41, 793),
(577, 2, 72, 208),
(578, 3, 16, 860),
(579, 0, 58, 940),
(580, 8, 93, 918),
(581, 1, 94, 929),
(582, 0, 21, 483),
(583, 4, 66, 245),
(584, 4, 55, 762),
(585, 8, 71, 172),
(586, 4, 11, 147),
(588, 5, 73, 986),
(589, 1, 84, 457),
(590, 7, 85, 481),
(591, 6, 84, 638),
(592, 6, 40, 356),
(593, 0, 26, 552),
(594, 10, 9, 72),
(595, 10, 42, 157),
(596, 6, 7, 783),
(597, 6, 37, 572),
(598, 8, 35, 998),
(599, 4, 74, 89),
(600, 3, 69, 838),
(601, 10, 21, 165),
(602, 9, 46, 689),
(603, 7, 45, 941),
(604, 4, 85, 387),
(605, 2, 48, 332),
(606, 4, 38, 517),
(607, 3, 8, 286),
(608, 2, 88, 366),
(609, 10, 71, 835),
(610, 0, 3, 810),
(611, 4, 27, 429),
(612, 3, 95, 684),
(613, 0, 32, 98),
(614, 3, 78, 962),
(615, 9, 30, 117),
(616, 3, 29, 408),
(617, 5, 20, 335),
(618, 0, 45, 145),
(619, 5, 50, 973),
(620, 7, 46, 202),
(621, 0, 44, 356),
(622, 4, 64, 773),
(623, 4, 27, 423),
(624, 6, 92, 848),
(625, 6, 60, 637),
(626, 0, 56, 165),
(627, 7, 11, 784),
(628, 4, 3, 470),
(629, 6, 10, 775),
(630, 3, 73, 501),
(631, 5, 26, 572),
(632, 0, 6, 612),
(633, 10, 88, 662),
(634, 3, 87, 610),
(635, 6, 26, 965),
(636, 1, 27, 810),
(637, 8, 26, 612),
(638, 2, 98, 252),
(639, 8, 65, 130),
(640, 8, 17, 341),
(641, 2, 51, 67),
(642, 1, 30, 128),
(643, 1, 79, 842),
(644, 8, 16, 938),
(645, 3, 41, 587),
(646, 6, 63, 765),
(647, 6, 72, 632),
(648, 9, 99, 41),
(649, 8, 50, 352),
(650, 5, 30, 501),
(651, 8, 87, 775),
(652, 0, 43, 374),
(653, 1, 62, 460),
(654, 10, 76, 393),
(655, 7, 2, 852),
(656, 5, 95, 348),
(657, 5, 30, 940),
(658, 10, 29, 286),
(659, 1, 8, 81),
(660, 1, 88, 600),
(661, 7, 71, 759),
(662, 1, 79, 375),
(663, 5, 1, 62),
(664, 0, 43, 7),
(665, 10, 82, 207),
(666, 10, 51, 768),
(667, 4, 36, 516),
(668, 4, 38, 902),
(669, 8, 94, 127),
(670, 10, 66, 853),
(671, 6, 1, 717),
(672, 1, 26, 737),
(673, 4, 88, 668),
(674, 4, 72, 988),
(675, 9, 6, 274),
(677, 9, 35, 409),
(678, 8, 17, 642),
(680, 3, 59, 593),
(681, 8, 19, 566),
(682, 5, 26, 893),
(683, 8, 68, 706),
(684, 6, 83, 202),
(685, 1, 32, 490),
(686, 6, 67, 754),
(687, 6, 94, 834),
(688, 8, 25, 155),
(689, 4, 17, 812),
(690, 9, 3, 89),
(691, 5, 82, 50),
(692, 5, 52, 179),
(693, 4, 3, 982),
(694, 1, 48, 241),
(695, 9, 25, 372),
(697, 10, 40, 114),
(698, 9, 70, 442),
(699, 1, 51, 913),
(700, 7, 85, 906),
(701, 6, 75, 563),
(702, 9, 84, 39),
(703, 0, 88, 582),
(704, 2, 83, 31),
(705, 5, 30, 778),
(706, 7, 67, 891),
(707, 1, 9, 347),
(708, 6, 22, 505),
(709, 3, 93, 184),
(710, 10, 82, 257),
(711, 9, 93, 551),
(712, 9, 94, 637),
(713, 1, 51, 577),
(714, 4, 70, 912),
(715, 10, 13, 786),
(716, 8, 81, 638),
(717, 10, 26, 364),
(718, 10, 11, 894),
(719, 9, 45, 360),
(720, 0, 32, 393),
(721, 10, 73, 946),
(722, 8, 15, 26),
(723, 5, 22, 480),
(724, 4, 62, 809),
(725, 5, 80, 729),
(726, 0, 24, 973),
(727, 7, 64, 874),
(728, 7, 63, 564),
(729, 7, 33, 739),
(730, 10, 75, 529),
(731, 2, 92, 878),
(732, 6, 35, 734),
(733, 0, 99, 154),
(734, 1, 26, 194),
(735, 10, 47, 475),
(736, 1, 91, 491),
(737, 5, 85, 878),
(738, 9, 84, 715),
(739, 10, 1, 135),
(740, 4, 2, 898),
(741, 8, 79, 407),
(742, 3, 37, 793),
(743, 8, 23, 927),
(744, 9, 72, 289),
(745, 4, 94, 403),
(746, 3, 96, 921),
(747, 5, 37, 937),
(748, 4, 26, 788),
(749, 10, 54, 94),
(750, 3, 58, 235),
(751, 2, 33, 854),
(753, 6, 99, 48),
(754, 2, 41, 122),
(755, 4, 52, 549),
(756, 10, 64, 818),
(757, 9, 1, 876),
(758, 8, 65, 52),
(759, 3, 36, 461),
(760, 8, 72, 636),
(761, 6, 66, 569),
(762, 9, 24, 631),
(763, 2, 1, 263),
(764, 6, 9, 566),
(765, 5, 89, 315),
(766, 5, 99, 113),
(767, 3, 49, 317),
(768, 5, 76, 517),
(769, 1, 12, 376),
(771, 9, 47, 846),
(772, 5, 94, 923),
(773, 0, 86, 775),
(774, 0, 89, 661),
(775, 8, 82, 761),
(776, 4, 96, 627),
(777, 1, 89, 845),
(778, 9, 19, 370),
(779, 7, 11, 973),
(780, 1, 42, 867),
(781, 7, 33, 461),
(782, 9, 63, 187),
(783, 6, 39, 516),
(784, 1, 3, 750),
(785, 7, 24, 729),
(786, 1, 52, 411),
(787, 2, 26, 592),
(788, 6, 71, 57),
(789, 5, 96, 632),
(790, 6, 39, 61),
(791, 3, 80, 692),
(792, 1, 6, 265),
(793, 10, 50, 350),
(794, 8, 40, 916),
(795, 3, 82, 409),
(796, 5, 54, 999),
(797, 9, 98, 35),
(798, 3, 7, 71),
(799, 4, 60, 869),
(800, 9, 10, 451),
(801, 2, 65, 156),
(802, 9, 7, 360),
(803, 6, 12, 218),
(804, 2, 73, 563),
(805, 5, 19, 187),
(806, 0, 9, 480),
(807, 2, 67, 205),
(808, 6, 93, 988),
(809, 1, 39, 862),
(810, 3, 12, 813),
(811, 5, 63, 847),
(812, 7, 81, 327),
(813, 0, 74, 682),
(814, 10, 9, 313),
(815, 2, 42, 378),
(816, 5, 39, 81),
(818, 2, 50, 456),
(819, 9, 53, 570),
(820, 3, 69, 417),
(821, 8, 45, 899),
(822, 0, 93, 720),
(823, 4, 31, 674),
(824, 0, 25, 930),
(825, 5, 28, 569),
(827, 2, 21, 564),
(828, 7, 59, 454),
(829, 7, 95, 452),
(830, 5, 6, 303),
(831, 6, 94, 818),
(832, 9, 28, 86),
(833, 4, 72, 893),
(834, 2, 62, 294),
(835, 10, 69, 555),
(836, 5, 53, 82),
(837, 3, 51, 119),
(838, 7, 83, 790),
(840, 1, 58, 742),
(841, 4, 67, 941),
(842, 1, 45, 720),
(843, 1, 65, 303),
(844, 0, 41, 589),
(845, 7, 85, 763),
(846, 0, 36, 309),
(847, 3, 57, 461),
(848, 4, 74, 3),
(849, 5, 37, 869),
(850, 10, 89, 380),
(851, 5, 8, 236),
(852, 9, 56, 676),
(853, 8, 67, 357),
(854, 6, 54, 300),
(855, 8, 17, 879),
(856, 4, 64, 13),
(857, 3, 55, 192),
(859, 5, 25, 48),
(860, 7, 13, 998),
(861, 0, 80, 135),
(862, 6, 28, 697),
(863, 8, 34, 772),
(864, 10, 64, 410),
(865, 2, 48, 3),
(866, 9, 37, 228),
(867, 1, 52, 109),
(868, 8, 31, 144),
(869, 1, 15, 271),
(870, 10, 88, 139),
(871, 7, 45, 388),
(872, 7, 60, 815),
(873, 4, 66, 900),
(874, 1, 34, 271),
(875, 7, 64, 981),
(876, 0, 14, 585),
(877, 3, 29, 390),
(878, 7, 91, 424),
(879, 3, 10, 742),
(880, 0, 25, 87),
(881, 6, 43, 276),
(882, 5, 52, 886),
(883, 4, 50, 869),
(884, 10, 20, 883),
(885, 7, 72, 28),
(886, 10, 84, 759),
(887, 2, 11, 361),
(888, 1, 77, 712),
(890, 3, 21, 766),
(891, 5, 76, 535),
(892, 5, 67, 777),
(893, 7, 62, 766),
(894, 2, 80, 376),
(895, 9, 80, 927),
(896, 5, 82, 433),
(897, 4, 18, 499),
(898, 0, 14, 162),
(899, 0, 74, 793),
(900, 9, 98, 989),
(901, 1, 27, 586),
(902, 6, 21, 790),
(903, 0, 92, 488),
(904, 5, 19, 961),
(905, 3, 70, 316),
(906, 10, 54, 645),
(907, 0, 94, 528),
(908, 4, 96, 957),
(909, 5, 12, 487),
(911, 1, 39, 527),
(912, 3, 92, 903),
(914, 10, 78, 356),
(915, 3, 28, 716),
(916, 5, 44, 838),
(917, 0, 98, 752),
(918, 0, 99, 676),
(919, 1, 83, 863),
(920, 7, 72, 984),
(921, 5, 31, 913),
(922, 4, 53, 177),
(923, 7, 77, 915),
(924, 8, 85, 552),
(925, 0, 90, 306),
(926, 1, 77, 633),
(927, 5, 61, 54),
(928, 4, 22, 782),
(929, 2, 73, 843),
(930, 2, 42, 158),
(931, 4, 39, 460),
(932, 6, 11, 572),
(933, 9, 57, 230),
(934, 3, 39, 538),
(935, 5, 59, 478),
(936, 10, 6, 672),
(937, 8, 8, 277),
(938, 7, 52, 331),
(939, 1, 19, 470),
(940, 10, 94, 755),
(941, 8, 13, 124),
(942, 8, 75, 180),
(943, 3, 21, 943),
(944, 3, 43, 546),
(945, 5, 11, 386),
(946, 8, 30, 499),
(947, 8, 72, 325),
(948, 10, 94, 238),
(949, 7, 47, 912),
(950, 4, 61, 832),
(951, 10, 57, 291),
(952, 7, 2, 577),
(953, 10, 18, 586),
(954, 1, 51, 507),
(955, 9, 28, 682),
(956, 8, 55, 857),
(957, 4, 2, 817),
(958, 3, 86, 45),
(960, 3, 16, 597),
(961, 9, 80, 482),
(962, 8, 45, 36),
(963, 3, 10, 426),
(964, 10, 63, 339),
(965, 4, 19, 848),
(966, 3, 62, 598),
(967, 0, 87, 145),
(968, 2, 86, 742),
(969, 0, 54, 839),
(970, 5, 87, 617),
(971, 0, 64, 374),
(972, 6, 41, 42),
(973, 5, 24, 577),
(974, 6, 16, 617),
(975, 4, 80, 140),
(976, 4, 21, 114),
(977, 0, 79, 617),
(978, 4, 99, 300),
(979, 9, 64, 334),
(980, 6, 86, 200),
(981, 3, 69, 331),
(982, 5, 18, 265),
(983, 2, 87, 185),
(984, 5, 69, 812),
(985, 7, 28, 27),
(986, 2, 100, 627),
(987, 2, 96, 962),
(988, 8, 51, 68),
(990, 9, 73, 776),
(991, 6, 95, 650),
(992, 10, 61, 991),
(993, 2, 77, 544),
(994, 0, 18, 32),
(995, 5, 37, 878),
(996, 4, 30, 62),
(997, 10, 20, 378),
(998, 5, 61, 602),
(999, 1, 79, 547),
(1000, 2, 24, 304),
(910, 10, 84, 424),
(219, 5, 17, 630),
(391, 5, 67, 834),
(839, 9, 11, 123),
(388, 5, 73, 682);

insert into COMMENT (id_game, id_system_user, first_date, last_date) values (99, 456, '2018-06-24', '2011-01-08'),
(45, 633, '2021-03-24', '2012-07-24'),
(68, 260, '2017-04-07', '2021-11-03'),
(49, 943, '2017-05-15', '2019-08-10'),
(50, 49, '2010-02-11', null),
(68, 969, '2013-07-24', '2013-02-21'),
(67, 533, '2020-09-23', '2015-07-12'),
(98, 254, '2018-05-23', '2014-02-27'),
(96, 468, '2014-09-27', null),
(47, 321, '2014-10-17', '2015-11-03'),
(77, 359, '2020-03-29', '2019-03-23'),
(92, 594, '2017-05-09', null),
(38, 798, '2012-12-16', '2018-07-17'),
(79, 119, '2011-01-01', '2015-04-13'),
(91, 422, '2014-07-06', '2015-05-18'),
(73, 479, '2016-08-06', '2010-03-10'),
(13, 533, '2011-09-14', '2015-02-09'),
(64, 182, '2014-02-16', null),
(12, 775, '2019-10-14', '2012-04-13'),
(87, 881, '2018-09-07', '2020-12-31'),
(19, 61, '2020-11-25', null),
(6, 175, '2013-12-28', '2018-10-26'),
(79, 659, '2020-09-12', null),
(53, 418, '2011-04-18', '2012-05-18'),
(96, 403, '2020-03-25', null),
(61, 902, '2019-09-07', '2017-10-23'),
(26, 940, '2017-08-12', '2011-10-07'),
(23, 490, '2014-03-01', '2019-07-19'),
(48, 432, '2014-03-05', null),
(94, 82, '2012-08-10', null),
(23, 183, '2019-05-10', null),
(73, 646, '2015-06-12', '2012-08-26'),
(90, 139, '2018-07-19', '2012-06-12'),
(72, 758, '2013-02-08', '2012-11-04'),
(63, 455, '2012-07-22', '2019-03-25'),
(17, 371, '2017-04-17', '2020-09-08'),
(3, 939, '2011-01-12', '2013-10-06'),
(66, 595, '2010-04-01', '2015-05-06'),
(57, 46, '2014-06-19', '2016-10-31'),
(31, 821, '2018-03-09', null),
(31, 368, '2014-08-21', '2013-02-09'),
(42, 585, '2012-06-23', '2015-12-06'),
(2, 845, '2011-06-13', '2012-10-23'),
(73, 291, '2017-05-03', null),
(67, 223, '2014-10-20', '2017-12-12'),
(15, 41, '2018-11-29', '2016-06-30'),
(49, 296, '2013-03-06', '2020-08-29'),
(29, 157, '2017-11-30', '2011-08-07'),
(69, 16, '2015-12-12', null),
(94, 806, '2019-07-10', '2013-01-25'),
(66, 204, '2014-04-16', '2014-07-14'),
(62, 947, '2016-06-24', '2011-03-01'),
(90, 580, '2012-02-22', '2011-10-16'),
(23, 875, '2019-01-09', '2014-01-11'),
(14, 836, '2010-08-06', '2015-11-14'),
(29, 907, '2011-07-14', null),
(65, 28, '2014-02-28', null),
(82, 699, '2017-06-24', '2020-02-03'),
(35, 175, '2011-02-15', null),
(1, 858, '2019-08-20', '2014-06-12'),
(37, 990, '2021-04-01', '2020-11-28'),
(83, 482, '2016-12-27', '2018-11-11'),
(26, 53, '2014-01-01', '2014-07-25'),
(51, 179, '2011-06-05', '2011-04-19'),
(93, 922, '2015-08-16', '2014-06-05'),
(54, 938, '2014-02-18', '2015-05-15'),
(16, 414, '2014-07-02', '2016-07-10'),
(41, 687, '2011-05-18', '2013-12-22'),
(77, 580, '2017-05-15', '2011-11-30'),
(27, 353, '2018-08-05', '2011-05-31'),
(70, 762, '2010-11-22', '2014-01-27'),
(74, 950, '2010-04-01', '2014-11-27'),
(38, 252, '2014-02-05', null),
(46, 316, '2012-05-11', '2010-07-22'),
(22, 212, '2019-03-25', '2011-09-15'),
(45, 515, '2013-08-06', '2013-10-28'),
(84, 710, '2018-02-12', null),
(92, 850, '2012-07-20', '2011-01-18'),
(52, 533, '2018-07-23', '2010-12-18'),
(76, 481, '2012-07-21', null),
(25, 838, '2017-06-23', null),
(14, 950, '2016-10-02', null),
(96, 42, '2021-01-07', '2012-07-10'),
(15, 308, '2014-02-01', null),
(20, 522, '2012-02-19', '2012-11-12'),
(8, 251, '2015-04-12', null),
(72, 727, '2015-12-23', '2016-07-03'),
(38, 34, '2016-01-02', '2021-01-21'),
(52, 324, '2019-04-29', null),
(91, 559, '2019-12-09', '2016-01-11'),
(74, 518, '2015-07-10', null),
(22, 323, '2014-01-02', '2018-10-27'),
(47, 62, '2015-04-20', '2020-03-26'),
(40, 506, '2015-07-08', '2015-01-18'),
(99, 719, '2010-10-29', '2019-10-19'),
(72, 153, '2020-04-17', '2021-07-18'),
(29, 403, '2021-04-30', '2010-05-06'),
(20, 564, '2015-12-28', '2014-10-24'),
(54, 555, '2012-04-11', null),
(38, 102, '2020-03-25', '2016-01-18'),
(29, 770, '2019-02-08', '2010-07-20'),
(89, 303, '2012-10-13', '2014-11-16'),
(1, 304, '2015-07-12', '2014-06-24'),
(8, 175, '2015-06-13', '2020-11-25'),
(12, 208, '2021-10-08', '2014-03-14'),
(48, 677, '2021-08-05', '2011-06-01'),
(24, 297, '2020-08-11', '2015-06-16'),
(54, 857, '2013-05-12', '2012-08-11'),
(46, 189, '2013-05-17', '2016-02-23'),
(55, 398, '2013-03-25', null),
(91, 701, '2011-03-10', '2011-02-15'),
(59, 322, '2021-03-30', '2014-10-25'),
(96, 199, '2015-05-12', '2016-02-05'),
(18, 778, '2010-07-18', '2014-06-09'),
(95, 192, '2010-10-12', '2016-09-16'),
(50, 200, '2017-11-06', null),
(92, 628, '2019-04-18', null),
(33, 764, '2011-07-15', '2019-01-27'),
(67, 219, '2016-01-29', '2016-09-10'),
(88, 701, '2010-06-13', '2013-11-10'),
(55, 910, '2021-10-27', '2014-05-21'),
(78, 380, '2018-02-25', null),
(48, 481, '2011-03-12', null),
(70, 264, '2017-12-04', null),
(87, 585, '2018-11-27', '2019-07-09'),
(56, 645, '2010-05-16', '2021-01-10'),
(97, 538, '2017-02-05', '2014-08-12'),
(96, 703, '2014-10-12', '2010-09-29'),
(50, 380, '2012-08-24', null),
(9, 142, '2011-01-25', '2011-05-15'),
(46, 252, '2010-04-23', '2017-01-01'),
(70, 45, '2021-05-24', null),
(84, 502, '2012-03-02', '2014-12-18'),
(56, 162, '2016-10-27', '2016-09-29'),
(23, 637, '2011-02-03', '2019-08-07'),
(3, 326, '2019-08-07', '2015-01-11'),
(43, 287, '2019-06-06', '2012-12-27'),
(7, 629, '2010-05-16', '2013-03-18'),
(6, 620, '2015-11-07', '2015-03-11'),
(39, 907, '2010-07-15', '2011-02-14'),
(97, 101, '2012-11-22', '2018-07-01'),
(95, 199, '2018-08-24', '2011-01-05'),
(31, 195, '2010-07-24', null),
(88, 292, '2010-12-24', '2011-08-01'),
(20, 649, '2011-01-02', '2010-08-15'),
(27, 337, '2021-09-20', '2019-07-01'),
(17, 123, '2015-08-12', '2019-12-03'),
(35, 173, '2019-07-01', '2011-04-14'),
(54, 74, '2020-09-07', null),
(40, 172, '2020-09-22', null),
(13, 581, '2017-01-14', '2016-04-03'),
(14, 245, '2015-11-24', '2011-03-07'),
(19, 905, '2018-10-16', null),
(8, 118, '2017-11-22', '2016-10-09'),
(35, 317, '2019-01-12', '2010-07-11'),
(3, 795, '2016-04-30', '2011-04-30'),
(14, 602, '2016-01-28', '2015-12-13'),
(17, 893, '2013-11-04', null),
(58, 575, '2013-09-02', '2012-10-03'),
(66, 723, '2015-05-07', null),
(12, 58, '2013-04-01', '2018-08-14'),
(97, 34, '2020-05-26', '2013-07-12'),
(62, 388, '2012-06-02', '2017-01-29'),
(8, 243, '2015-12-07', '2014-08-06'),
(97, 162, '2021-04-17', '2012-12-11'),
(89, 516, '2017-09-14', '2014-01-13'),
(69, 627, '2018-06-02', '2017-03-22'),
(97, 816, '2010-03-22', '2014-11-03'),
(15, 635, '2017-06-30', '2012-10-21'),
(95, 648, '2014-05-13', '2021-10-15'),
(55, 356, '2021-07-17', '2010-06-10'),
(91, 403, '2018-02-19', '2017-03-10'),
(87, 587, '2013-04-26', '2017-10-05'),
(46, 998, '2011-11-19', null),
(65, 439, '2012-09-28', '2018-02-26'),
(30, 710, '2013-05-07', '2013-07-18'),
(34, 670, '2013-12-08', '2014-08-21'),
(78, 916, '2018-01-17', '2021-06-09'),
(29, 393, '2014-03-20', '2015-06-30'),
(6, 415, '2015-06-02', '2021-03-27'),
(6, 494, '2011-08-02', '2011-01-07'),
(56, 139, '2018-07-01', '2021-03-21'),
(54, 200, '2018-09-22', null),
(83, 952, '2018-12-17', '2011-06-09'),
(79, 967, '2016-02-27', '2016-08-20'),
(38, 199, '2020-10-31', '2014-05-14'),
(34, 965, '2015-07-18', '2017-10-31'),
(3, 580, '2021-02-25', '2020-06-13'),
(83, 484, '2020-06-13', null),
(35, 632, '2013-04-06', '2014-12-28'),
(73, 241, '2021-06-24', '2019-07-20'),
(69, 820, '2019-06-04', '2016-07-27'),
(99, 656, '2020-03-03', '2015-06-21'),
(42, 686, '2012-04-10', '2015-05-20'),
(56, 924, '2016-01-08', '2021-01-23'),
(56, 327, '2012-02-27', '2012-10-14'),
(18, 643, '2013-07-13', '2014-06-25'),
(2, 81, '2018-08-01', null),
(53, 131, '2018-05-11', '2011-08-25'),
(71, 53, '2012-04-05', '2015-12-25'),
(4, 487, '2014-05-05', '2010-09-15'),
(60, 297, '2014-04-08', '2021-04-11'),
(86, 263, '2017-01-23', '2021-08-28'),
(69, 241, '2013-08-15', '2016-07-27'),
(30, 746, '2014-11-25', '2017-06-03'),
(100, 402, '2017-08-07', '2020-09-14'),
(86, 62, '2010-11-01', '2017-09-12'),
(47, 919, '2015-07-07', '2014-09-28'),
(64, 99, '2011-11-16', null),
(69, 635, '2012-05-02', '2014-07-18'),
(45, 666, '2013-12-24', '2014-07-13'),
(55, 604, '2015-01-03', '2015-02-18'),
(66, 94, '2015-11-29', '2012-10-13'),
(87, 628, '2015-12-02', '2011-10-29'),
(25, 228, '2018-11-09', '2021-05-31'),
(89, 181, '2011-11-19', null),
(50, 335, '2012-08-19', '2018-09-15'),
(56, 406, '2016-03-22', '2011-11-25'),
(7, 802, '2014-02-09', '2012-11-29'),
(52, 417, '2018-12-30', '2013-08-08'),
(16, 373, '2011-01-03', '2017-11-20'),
(45, 447, '2011-01-20', '2018-03-06'),
(39, 860, '2017-05-29', '2012-01-06'),
(4, 587, '2010-12-11', null),
(81, 796, '2010-07-23', null),
(46, 191, '2015-05-02', '2013-10-22'),
(40, 128, '2013-03-13', null),
(41, 591, '2011-06-01', null),
(46, 233, '2015-01-18', '2020-04-10'),
(53, 715, '2018-03-01', '2013-04-29'),
(43, 252, '2014-07-13', '2020-02-17'),
(67, 477, '2011-03-15', '2013-05-24'),
(39, 914, '2016-01-02', '2018-02-12'),
(18, 296, '2021-09-04', null),
(22, 287, '2015-10-27', '2021-03-20'),
(53, 862, '2018-08-05', null),
(35, 425, '2016-01-16', '2021-07-12'),
(36, 281, '2017-05-23', null),
(73, 913, '2013-06-01', '2017-07-25'),
(25, 133, '2014-10-15', '2017-12-26'),
(24, 410, '2021-09-26', null),
(6, 499, '2020-04-05', '2015-08-07'),
(24, 762, '2014-05-16', '2012-11-05'),
(20, 560, '2019-01-09', '2013-03-14'),
(66, 692, '2018-01-24', null),
(7, 781, '2013-01-26', '2014-09-12'),
(99, 336, '2016-01-10', null),
(91, 387, '2013-05-27', null),
(98, 308, '2011-09-09', '2018-10-25'),
(33, 757, '2021-03-28', '2018-10-25'),
(77, 601, '2015-12-15', '2018-06-15'),
(73, 964, '2014-05-10', '2018-04-19'),
(12, 768, '2019-02-08', '2012-10-13'),
(26, 449, '2011-07-22', '2017-09-10'),
(60, 632, '2016-06-02', '2019-06-17'),
(43, 552, '2018-12-16', '2016-12-04'),
(98, 279, '2019-05-02', '2012-03-22'),
(100, 172, '2019-01-30', null),
(75, 323, '2021-06-22', '2019-07-24'),
(12, 98, '2010-09-26', '2019-03-07'),
(88, 721, '2016-02-02', '2013-07-11'),
(56, 932, '2018-10-17', null),
(90, 333, '2012-11-26', '2018-04-28'),
(25, 481, '2010-04-02', '2014-12-28'),
(74, 76, '2012-06-04', '2015-02-11'),
(80, 721, '2021-02-15', '2011-12-23'),
(75, 727, '2020-07-27', '2011-04-11'),
(8, 828, '2015-05-20', '2012-09-22'),
(58, 445, '2020-02-19', null),
(72, 324, '2017-07-10', '2020-12-13'),
(49, 322, '2020-04-05', '2012-08-27'),
(24, 92, '2018-09-15', '2019-12-28'),
(87, 643, '2019-09-13', '2020-12-24'),
(58, 349, '2012-09-20', '2015-04-11'),
(45, 353, '2016-09-11', '2012-11-19'),
(1, 771, '2013-06-17', '2017-06-05'),
(53, 82, '2015-01-18', '2012-10-27'),
(69, 540, '2018-02-18', '2010-01-26'),
(21, 602, '2013-09-07', '2017-10-04'),
(40, 169, '2013-08-11', '2013-06-07'),
(22, 225, '2010-11-30', '2012-08-08'),
(36, 454, '2016-01-18', '2021-07-20'),
(12, 605, '2010-09-12', '2013-10-08'),
(69, 334, '2017-05-02', '2016-08-06'),
(79, 951, '2020-06-14', '2014-07-02'),
(19, 944, '2015-06-23', '2015-12-03'),
(72, 910, '2010-05-21', null),
(4, 569, '2018-03-28', '2014-04-05'),
(45, 914, '2018-11-19', '2020-06-22'),
(73, 172, '2013-05-03', null),
(94, 212, '2018-11-08', '2021-09-05'),
(7, 930, '2019-11-05', '2015-03-31'),
(67, 678, '2019-02-02', '2012-09-01'),
(68, 739, '2010-12-28', '2020-08-19'),
(62, 601, '2018-10-11', '2010-01-10'),
(29, 631, '2021-01-19', null),
(46, 35, '2018-07-23', '2020-02-20'),
(70, 598, '2020-03-21', null),
(45, 721, '2013-08-01', '2013-08-15'),
(67, 318, '2012-06-07', null),
(65, 151, '2017-08-23', '2014-07-11'),
(28, 887, '2016-01-26', '2012-07-12'),
(9, 972, '2010-11-20', '2015-07-29'),
(30, 438, '2013-04-03', '2011-02-19'),
(65, 381, '2017-04-07', '2012-12-12'),
(25, 833, '2017-05-20', '2016-09-17'),
(88, 275, '2015-01-20', '2019-01-10'),
(56, 191, '2015-04-16', '2012-09-04'),
(48, 569, '2013-05-23', null),
(60, 783, '2020-02-22', null),
(3, 71, '2020-05-07', '2019-09-26'),
(35, 480, '2021-02-15', '2010-12-19'),
(88, 586, '2019-01-02', '2017-07-18'),
(76, 206, '2019-01-20', '2011-10-23'),
(54, 901, '2012-12-12', '2016-09-10'),
(3, 39, '2011-02-14', '2014-06-27'),
(67, 37, '2013-12-22', '2011-01-19'),
(76, 975, '2013-07-09', '2013-09-23'),
(2, 890, '2019-06-15', '2014-09-27'),
(99, 599, '2016-02-26', '2011-02-13'),
(53, 915, '2010-01-24', '2020-08-13'),
(49, 153, '2016-08-03', '2017-10-14'),
(3, 110, '2021-09-21', '2011-09-24'),
(12, 456, '2020-06-14', '2012-04-23'),
(70, 341, '2020-10-23', '2015-04-21'),
(72, 164, '2010-07-18', null),
(39, 13, '2010-07-22', '2014-09-19'),
(6, 783, '2018-08-11', null),
(15, 579, '2019-05-04', '2016-05-23'),
(62, 833, '2011-06-24', '2011-11-02'),
(70, 975, '2015-03-31', '2014-12-05'),
(79, 595, '2016-05-12', '2020-11-14'),
(6, 599, '2011-04-10', '2015-01-08'),
(95, 217, '2017-12-03', '2016-05-30'),
(35, 299, '2020-06-10', '2018-03-11'),
(71, 695, '2020-01-20', '2016-10-01'),
(93, 64, '2018-10-09', '2018-02-16'),
(67, 243, '2012-04-16', '2015-09-16'),
(42, 571, '2012-11-30', null),
(91, 845, '2017-02-12', '2019-05-12'),
(48, 866, '2015-04-17', '2020-09-15'),
(21, 373, '2013-07-14', null),
(67, 295, '2020-06-14', null),
(43, 653, '2020-05-20', '2017-12-31'),
(98, 378, '2013-01-08', null),
(70, 258, '2012-06-12', '2014-09-24'),
(50, 887, '2016-04-30', '2019-06-13'),
(95, 839, '2020-07-02', '2018-02-05'),
(26, 796, '2012-10-29', null),
(91, 36, '2018-01-02', '2015-10-26'),
(18, 325, '2018-10-27', '2017-09-19'),
(53, 202, '2021-06-28', '2010-11-04'),
(38, 123, '2016-06-23', '2018-06-16'),
(36, 456, '2021-09-26', '2013-10-10'),
(51, 153, '2018-01-09', '2017-05-17'),
(47, 109, '2012-08-31', null),
(43, 935, '2017-02-17', null),
(46, 290, '2012-10-13', '2018-10-25'),
(49, 528, '2014-07-12', null),
(37, 504, '2019-10-01', '2013-01-06'),
(43, 529, '2012-03-11', '2016-04-28'),
(68, 171, '2015-03-10', '2014-03-18'),
(92, 661, '2010-02-04', '2010-10-05'),
(88, 888, '2011-05-05', '2019-07-24'),
(85, 361, '2020-11-10', '2017-06-29'),
(12, 945, '2021-02-26', null),
(20, 443, '2013-11-11', '2011-09-17'),
(1, 566, '2016-07-15', '2015-11-16'),
(5, 367, '2013-12-14', '2013-10-29'),
(68, 567, '2021-01-31', null),
(14, 440, '2019-08-27', null),
(14, 995, '2013-09-07', '2020-08-30'),
(43, 90, '2012-11-19', null),
(43, 777, '2014-03-26', '2017-05-05'),
(64, 593, '2011-11-01', '2017-01-23'),
(19, 261, '2015-08-30', '2019-01-04'),
(95, 525, '2012-10-12', null),
(3, 274, '2010-08-31', '2019-07-16'),
(51, 749, '2018-12-25', '2012-11-20'),
(9, 786, '2015-06-19', '2013-10-04'),
(29, 687, '2014-03-28', '2010-05-22'),
(83, 245, '2012-05-30', null),
(99, 125, '2010-11-23', '2014-11-28'),
(76, 190, '2015-04-29', '2014-07-29'),
(97, 502, '2018-11-06', '2020-12-10'),
(52, 645, '2010-05-11', null),
(88, 997, '2010-06-28', '2010-05-24'),
(22, 343, '2018-03-30', '2015-12-04'),
(59, 677, '2010-03-10', '2021-06-14'),
(98, 352, '2013-09-21', '2014-09-02'),
(80, 63, '2015-02-10', null),
(22, 613, '2010-04-07', '2010-03-20'),
(59, 37, '2021-09-07', '2015-09-18'),
(93, 137, '2013-09-30', '2020-06-19'),
(100, 335, '2011-10-21', '2020-01-23'),
(20, 765, '2010-07-18', '2018-06-24'),
(78, 915, '2011-03-07', null),
(10, 323, '2017-09-09', '2020-12-05'),
(56, 57, '2012-09-04', '2016-01-08'),
(55, 22, '2019-05-12', '2017-01-14'),
(44, 443, '2017-10-21', null),
(29, 714, '2021-05-28', '2013-05-07'),
(20, 264, '2018-01-05', '2014-06-29'),
(14, 688, '2010-10-18', null),
(73, 683, '2014-03-21', '2018-02-10'),
(71, 435, '2015-06-19', '2012-06-19'),
(60, 990, '2021-04-02', '2010-08-19'),
(63, 924, '2014-11-21', '2017-05-22'),
(80, 774, '2018-03-17', '2014-03-23'),
(83, 317, '2017-11-24', '2015-12-16'),
(41, 528, '2014-12-11', null),
(38, 447, '2016-06-26', '2017-10-21'),
(88, 570, '2021-03-16', null),
(48, 795, '2019-05-17', '2010-06-27'),
(11, 364, '2011-08-06', '2020-11-06'),
(7, 566, '2014-08-08', '2018-09-03'),
(76, 513, '2013-08-15', '2020-10-11'),
(54, 825, '2015-02-02', '2019-10-24'),
(36, 866, '2020-01-20', '2015-10-03'),
(27, 194, '2018-08-28', '2017-02-27'),
(82, 893, '2021-10-28', '2012-06-29'),
(50, 924, '2021-09-07', '2020-02-02'),
(20, 587, '2012-09-04', '2016-09-26'),
(30, 841, '2012-06-28', '2020-09-10'),
(51, 621, '2017-07-20', '2021-05-29'),
(50, 773, '2019-09-09', '2020-10-23'),
(8, 119, '2020-04-09', '2017-04-23'),
(35, 992, '2016-09-27', '2012-06-24'),
(23, 340, '2013-06-13', '2020-03-06'),
(30, 795, '2013-09-08', '2021-10-20'),
(51, 438, '2018-04-06', '2013-07-09'),
(63, 426, '2012-01-11', '2019-02-12'),
(14, 905, '2017-05-17', '2011-11-20'),
(5, 56, '2020-11-02', '2021-04-13'),
(44, 203, '2011-10-17', '2011-12-05'),
(85, 146, '2011-12-08', '2011-11-04'),
(1, 331, '2016-06-05', '2012-05-31'),
(86, 952, '2011-09-08', null),
(20, 621, '2017-07-18', '2011-11-22'),
(7, 234, '2021-09-03', '2021-03-27'),
(73, 655, '2020-12-26', null),
(15, 324, '2012-04-15', '2012-11-19'),
(34, 812, '2014-08-15', '2013-08-01'),
(48, 916, '2015-05-20', '2011-07-19'),
(1, 31, '2015-09-10', '2015-11-16'),
(10, 863, '2011-03-10', null),
(67, 365, '2019-02-20', null),
(78, 275, '2013-12-27', '2010-11-06'),
(93, 492, '2015-09-25', '2021-01-26'),
(13, 292, '2020-10-28', '2016-01-12'),
(73, 488, '2016-09-10', '2016-04-20'),
(14, 783, '2011-04-06', '2016-09-02'),
(90, 682, '2013-05-23', '2014-07-02'),
(7, 806, '2014-04-14', '2019-05-27'),
(45, 25, '2011-05-24', '2020-07-19'),
(34, 528, '2021-09-16', '2018-08-04'),
(63, 827, '2014-07-09', null),
(70, 182, '2011-03-23', '2021-06-24'),
(22, 131, '2021-06-10', '2017-12-25'),
(93, 380, '2021-06-22', null),
(92, 963, '2010-05-22', '2020-07-20'),
(26, 242, '2018-03-24', '2013-12-27'),
(36, 486, '2010-01-26', null),
(12, 653, '2021-10-05', '2016-03-26'),
(61, 695, '2013-04-15', '2012-08-03'),
(15, 686, '2010-12-05', '2016-01-02'),
(39, 179, '2012-07-19', '2018-06-09'),
(57, 432, '2013-05-24', '2021-05-06'),
(84, 129, '2017-10-15', '2016-05-15'),
(57, 885, '2014-11-14', null),
(1, 294, '2014-10-22', '2010-01-27'),
(19, 390, '2013-10-15', '2012-02-17'),
(3, 175, '2012-12-14', '2010-11-21'),
(90, 151, '2010-03-24', '2021-03-13'),
(71, 454, '2010-08-08', '2011-05-14'),
(9, 592, '2012-04-21', '2019-12-07'),
(16, 754, '2016-01-02', '2013-11-12'),
(88, 100, '2016-08-22', '2011-03-08'),
(92, 740, '2016-10-20', '2020-05-20'),
(1, 299, '2011-11-24', null),
(34, 265, '2020-08-06', '2011-01-15'),
(57, 119, '2016-09-13', '2011-10-02'),
(27, 762, '2018-01-09', '2011-08-08'),
(88, 249, '2015-02-18', '2010-12-12'),
(10, 360, '2014-06-06', '2015-02-03'),
(47, 770, '2020-09-07', '2010-04-04'),
(27, 48, '2013-08-25', '2010-12-27'),
(62, 736, '2019-05-08', '2020-08-20'),
(22, 962, '2014-12-12', '2019-03-26'),
(62, 993, '2018-12-15', '2019-07-27'),
(10, 662, '2020-01-04', null),
(74, 296, '2011-12-07', null),
(22, 181, '2014-12-01', '2015-08-26'),
(96, 600, '2013-07-31', '2017-05-07'),
(38, 5, '2011-07-14', null),
(65, 338, '2020-11-09', '2017-09-14'),
(34, 882, '2021-02-08', null),
(73, 55, '2019-01-27', '2010-03-18'),
(36, 46, '2018-11-07', '2019-02-12'),
(45, 800, '2016-09-15', '2010-04-14'),
(33, 141, '2020-10-12', null),
(18, 521, '2019-12-18', '2012-09-23'),
(87, 751, '2014-11-15', null),
(93, 474, '2012-08-27', '2020-02-25'),
(36, 835, '2017-01-17', '2013-03-16'),
(94, 536, '2011-12-03', '2017-08-05'),
(22, 198, '2015-05-11', '2016-08-05'),
(68, 346, '2015-05-07', null),
(34, 707, '2015-10-13', '2016-10-04'),
(90, 633, '2011-08-05', '2017-07-02'),
(47, 597, '2011-05-13', '2019-06-25'),
(59, 627, '2019-05-27', '2015-12-01'),
(56, 745, '2012-06-22', '2012-07-27'),
(5, 549, '2017-02-03', '2012-06-29'),
(31, 231, '2013-02-09', '2015-07-27'),
(3, 824, '2019-07-28', '2018-02-26'),
(52, 676, '2011-08-31', '2015-12-11'),
(14, 334, '2014-12-11', null),
(51, 469, '2019-09-11', '2012-12-29'),
(84, 464, '2018-03-28', null),
(53, 144, '2016-03-23', '2013-05-05'),
(39, 519, '2018-03-18', '2012-12-13'),
(2, 68, '2011-03-27', '2021-02-18'),
(38, 665, '2020-07-12', null),
(21, 820, '2014-11-30', null),
(68, 483, '2013-02-25', '2012-01-02'),
(86, 598, '2020-06-11', null),
(51, 800, '2014-06-14', '2014-07-17'),
(69, 225, '2021-07-13', '2017-01-11'),
(65, 113, '2016-01-13', '2010-05-19'),
(29, 469, '2020-06-13', '2012-03-16'),
(74, 50, '2018-04-22', '2014-09-13'),
(98, 325, '2016-06-11', '2013-07-18'),
(12, 74, '2021-01-05', '2013-09-10'),
(18, 548, '2014-09-22', '2016-10-09'),
(43, 140, '2020-06-10', '2013-05-31'),
(78, 503, '2018-07-29', '2013-06-07'),
(93, 286, '2018-09-29', '2017-07-28'),
(8, 81, '2017-10-23', null),
(22, 217, '2010-06-20', '2020-11-02'),
(36, 948, '2016-05-21', null),
(46, 472, '2011-09-21', null),
(62, 342, '2021-03-06', '2019-08-08'),
(95, 800, '2018-03-29', '2016-11-20'),
(93, 705, '2012-12-19', '2018-01-25'),
(23, 841, '2015-10-05', null),
(25, 896, '2014-04-26', '2017-05-24'),
(50, 300, '2019-07-04', null),
(1, 408, '2012-04-04', '2010-06-05'),
(52, 657, '2014-11-24', null),
(84, 40, '2015-09-03', '2017-08-19'),
(44, 343, '2012-02-03', null),
(16, 969, '2011-10-30', null),
(11, 97, '2014-07-12', null),
(25, 375, '2015-12-24', '2019-07-24'),
(33, 112, '2010-02-17', null),
(20, 83, '2018-09-22', '2021-03-11'),
(56, 282, '2020-08-30', '2013-03-11'),
(65, 522, '2018-08-30', null),
(86, 516, '2016-03-14', null),
(78, 171, '2019-01-11', '2015-04-10'),
(98, 745, '2012-07-31', '2013-02-01'),
(27, 475, '2018-10-26', '2012-03-02'),
(19, 498, '2014-05-26', '2015-11-01'),
(64, 215, '2016-04-09', null),
(19, 268, '2015-08-30', '2021-10-22'),
(5, 932, '2016-08-22', '2018-05-13'),
(26, 958, '2021-03-27', '2021-11-05'),
(30, 991, '2016-02-22', '2021-03-01'),
(97, 649, '2016-05-06', '2018-05-01'),
(72, 326, '2015-08-01', '2021-05-18'),
(2, 281, '2010-05-27', '2017-09-30'),
(77, 714, '2021-03-04', '2019-04-23'),
(91, 430, '2018-11-06', '2013-04-14'),
(74, 918, '2015-10-20', '2017-05-01'),
(13, 503, '2012-10-31', '2018-03-29'),
(42, 165, '2014-09-03', '2014-07-27'),
(46, 102, '2011-09-28', '2016-10-02'),
(92, 233, '2012-11-04', '2013-08-12'),
(62, 972, '2020-02-08', '2021-07-03'),
(47, 906, '2018-03-23', '2018-11-24'),
(31, 95, '2010-07-30', '2017-05-22'),
(85, 565, '2017-03-25', '2010-05-11'),
(76, 270, '2017-11-19', '2020-04-12'),
(48, 962, '2020-03-15', '2015-07-02'),
(83, 637, '2019-05-04', '2011-09-19'),
(27, 742, '2010-08-07', null),
(2, 430, '2014-01-11', null),
(96, 487, '2021-02-13', '2010-10-24'),
(42, 799, '2013-03-16', '2011-03-29'),
(65, 713, '2013-12-25', null),
(31, 324, '2015-09-12', '2012-12-07'),
(18, 559, '2018-01-06', '2017-08-30'),
(94, 205, '2015-10-31', '2019-04-07'),
(92, 247, '2015-07-04', '2014-07-12'),
(30, 237, '2015-04-14', '2013-12-28'),
(9, 944, '2015-04-02', '2018-02-08'),
(72, 260, '2018-09-10', '2019-03-20'),
(60, 213, '2010-09-12', null),
(80, 259, '2020-03-17', '2010-08-28'),
(23, 951, '2010-09-04', '2014-01-08'),
(20, 588, '2014-03-04', '2020-03-17'),
(61, 411, '2017-05-17', '2016-09-21'),
(74, 437, '2019-11-24', null),
(79, 647, '2013-04-22', null),
(47, 381, '2012-04-03', '2011-08-05'),
(17, 289, '2016-03-27', '2018-12-22'),
(2, 491, '2020-09-09', '2010-09-12'),
(69, 888, '2011-08-28', '2014-07-29'),
(73, 961, '2013-05-29', '2017-05-13'),
(51, 802, '2014-03-26', null),
(82, 921, '2021-01-17', '2020-10-03'),
(34, 675, '2014-03-16', '2012-02-14'),
(13, 875, '2012-10-17', '2013-06-25'),
(27, 545, '2018-10-04', null),
(8, 675, '2015-07-17', '2020-02-23'),
(33, 720, '2014-07-06', '2013-09-04'),
(49, 281, '2018-01-08', '2010-03-12'),
(4, 244, '2011-12-04', '2015-08-05'),
(76, 776, '2012-02-25', null),
(4, 827, '2010-04-18', null),
(19, 181, '2015-09-15', null),
(17, 286, '2015-07-24', '2013-07-06'),
(21, 160, '2018-04-11', '2017-10-18'),
(33, 777, '2015-03-06', '2010-08-05'),
(10, 253, '2021-08-27', '2011-08-12'),
(33, 408, '2011-11-30', '2018-11-04'),
(62, 474, '2013-02-21', '2014-05-14'),
(14, 889, '2018-07-18', '2011-05-16'),
(58, 692, '2010-12-12', null),
(89, 411, '2015-08-25', '2011-02-03'),
(84, 795, '2011-04-15', null),
(90, 296, '2014-06-27', '2012-03-29'),
(87, 429, '2015-08-13', null),
(46, 456, '2016-03-03', null),
(30, 745, '2016-09-26', '2014-05-14'),
(59, 766, '2013-12-18', '2019-10-19'),
(59, 753, '2014-09-15', '2015-10-25'),
(77, 469, '2012-08-23', '2011-02-04'),
(21, 659, '2019-05-11', '2016-10-21'),
(73, 426, '2010-09-16', '2019-10-18'),
(48, 196, '2014-06-19', '2014-01-08'),
(48, 542, '2013-11-17', '2010-01-21'),
(100, 669, '2010-07-13', '2020-03-01'),
(57, 879, '2021-09-26', '2020-09-24'),
(58, 767, '2018-11-17', null),
(17, 617, '2013-01-22', null),
(84, 243, '2017-07-13', null),
(52, 18, '2014-06-23', '2017-03-13'),
(72, 836, '2020-02-29', '2016-09-26'),
(96, 524, '2018-02-06', '2010-12-27'),
(38, 180, '2011-03-25', '2017-08-19'),
(14, 395, '2014-12-14', '2015-06-04'),
(22, 958, '2012-02-15', '2019-11-09'),
(66, 430, '2010-02-07', '2015-06-12'),
(27, 726, '2011-01-16', null),
(59, 197, '2019-11-24', '2013-12-18'),
(56, 208, '2011-11-18', '2012-08-23'),
(62, 449, '2010-12-13', '2013-03-20'),
(68, 286, '2019-02-18', '2021-02-24'),
(3, 441, '2010-09-08', null),
(73, 146, '2019-10-10', '2018-10-27'),
(8, 815, '2011-10-05', '2019-07-30'),
(18, 168, '2010-05-22', '2010-03-06'),
(1, 914, '2012-05-12', null),
(6, 887, '2013-09-07', '2013-03-17'),
(3, 456, '2011-01-23', '2015-09-21'),
(80, 687, '2011-08-21', null),
(3, 788, '2015-03-05', '2021-10-02'),
(44, 157, '2014-08-12', '2012-12-09'),
(86, 413, '2017-02-14', '2010-11-14'),
(24, 13, '2011-10-20', '2012-02-03'),
(51, 257, '2018-10-18', null),
(66, 75, '2016-09-01', '2021-01-17'),
(63, 134, '2013-07-04', '2018-08-13'),
(74, 890, '2016-08-01', '2019-08-06'),
(22, 15, '2013-02-15', '2021-04-29'),
(87, 835, '2011-08-22', '2015-08-26'),
(42, 602, '2014-06-21', '2016-05-25'),
(15, 392, '2017-05-26', '2010-11-03'),
(73, 696, '2017-05-02', null),
(9, 762, '2012-07-31', '2011-12-20'),
(42, 188, '2019-02-28', '2019-08-02'),
(10, 244, '2012-12-23', '2020-07-02'),
(62, 768, '2011-07-03', '2016-06-22'),
(93, 299, '2011-12-07', null),
(44, 452, '2021-02-10', '2017-10-28'),
(63, 650, '2014-08-21', '2011-12-26'),
(98, 620, '2016-11-04', null),
(38, 86, '2017-06-25', null),
(76, 503, '2016-06-02', null),
(83, 806, '2012-12-01', null),
(90, 507, '2015-12-01', '2017-06-23'),
(43, 772, '2021-04-16', '2014-07-13'),
(61, 682, '2019-03-18', '2013-09-04'),
(25, 747, '2019-04-17', '2021-04-21'),
(55, 928, '2012-07-19', '2017-12-02'),
(95, 837, '2017-07-06', '2011-03-10'),
(45, 860, '2013-07-26', '2019-01-21'),
(48, 742, '2012-05-01', '2012-05-01'),
(93, 885, '2018-04-26', null),
(10, 59, '2019-03-27', '2011-11-14'),
(22, 912, '2018-03-12', null),
(13, 966, '2013-07-04', '2020-12-11'),
(93, 207, '2019-10-03', '2017-09-17'),
(42, 352, '2013-09-11', '2020-04-29'),
(71, 22, '2011-10-10', '2010-10-02'),
(73, 298, '2013-04-11', '2014-05-24'),
(78, 92, '2010-03-14', '2018-01-17'),
(66, 243, '2019-03-31', '2014-11-21'),
(62, 951, '2021-08-03', '2018-04-19'),
(73, 579, '2015-06-25', '2020-12-28'),
(16, 455, '2019-03-28', null),
(65, 583, '2018-02-02', '2011-12-11'),
(42, 307, '2010-06-20', '2010-01-20'),
(41, 611, '2020-12-26', '2013-10-31'),
(67, 205, '2013-11-17', null),
(7, 270, '2015-08-12', null),
(17, 183, '2017-07-12', '2020-09-24'),
(69, 192, '2018-06-13', '2021-04-10'),
(2, 968, '2021-09-01', '2015-03-11'),
(7, 928, '2019-07-04', '2013-08-05'),
(85, 828, '2010-06-04', '2013-10-20'),
(71, 175, '2011-12-24', '2014-11-06'),
(87, 521, '2013-09-26', null),
(53, 738, '2019-05-11', '2015-10-13'),
(39, 523, '2013-07-27', '2020-04-30'),
(36, 770, '2017-12-23', '2021-09-25'),
(39, 887, '2021-09-04', '2019-04-04'),
(60, 252, '2013-03-17', '2012-01-17'),
(51, 121, '2018-12-01', '2012-05-13'),
(50, 797, '2015-03-29', null),
(62, 634, '2014-11-23', '2017-09-14'),
(84, 742, '2019-07-04', '2020-11-27'),
(89, 445, '2013-02-19', null),
(58, 321, '2021-08-15', '2012-04-06'),
(74, 415, '2019-12-02', '2018-03-02'),
(46, 152, '2021-04-03', null),
(4, 988, '2021-02-26', '2011-09-29'),
(18, 19, '2010-03-01', '2011-04-19'),
(19, 566, '2014-09-20', '2018-01-27'),
(76, 57, '2011-06-04', '2015-02-08'),
(34, 648, '2010-10-28', '2010-09-23'),
(6, 213, '2017-09-04', '2014-04-06'),
(25, 581, '2018-11-29', '2021-04-25'),
(84, 698, '2015-09-12', '2010-04-13'),
(93, 483, '2017-08-19', '2021-08-24'),
(58, 800, '2013-05-06', '2018-01-04'),
(36, 193, '2019-07-17', '2018-11-04'),
(26, 809, '2010-08-21', '2017-05-08'),
(4, 315, '2010-06-05', '2014-08-31'),
(13, 720, '2012-12-17', '2019-02-06'),
(45, 703, '2010-02-10', '2020-12-24'),
(49, 356, '2011-08-02', '2015-06-20'),
(91, 951, '2012-12-24', '2013-06-16'),
(76, 289, '2014-06-27', '2013-12-26'),
(24, 111, '2021-05-16', null),
(63, 981, '2018-02-01', '2015-01-13'),
(4, 96, '2020-08-15', '2013-10-12'),
(77, 169, '2014-11-04', null),
(27, 728, '2018-05-22', '2010-03-22'),
(49, 635, '2010-05-15', '2015-10-25'),
(51, 888, '2021-10-21', '2021-05-04'),
(22, 226, '2015-09-16', '2017-12-03'),
(11, 80, '2013-07-25', '2014-09-19'),
(91, 262, '2012-11-25', '2015-09-26'),
(43, 820, '2011-05-24', '2019-04-13'),
(2, 256, '2011-05-31', '2015-08-13'),
(14, 781, '2021-02-12', '2011-12-06'),
(17, 522, '2018-02-14', '2021-08-23'),
(37, 631, '2017-05-04', '2018-08-13'),
(48, 767, '2019-03-30', '2011-07-10'),
(41, 960, '2015-10-03', '2021-05-23'),
(11, 355, '2020-02-07', '2010-11-07'),
(55, 769, '2012-01-07', null),
(51, 562, '2018-06-05', null),
(79, 714, '2018-07-15', null),
(29, 146, '2020-02-26', '2018-05-27'),
(51, 604, '2017-10-16', null),
(79, 247, '2013-09-14', '2017-12-31'),
(50, 341, '2018-10-08', '2019-01-08'),
(39, 66, '2013-05-24', '2011-02-01'),
(9, 334, '2010-09-30', '2012-10-15'),
(91, 682, '2012-02-24', '2018-02-21'),
(97, 168, '2017-05-17', '2016-07-16'),
(61, 851, '2017-09-03', '2018-02-16'),
(47, 12, '2019-01-31', '2019-03-21'),
(2, 920, '2012-09-20', '2014-03-02'),
(68, 126, '2018-02-26', '2011-03-21'),
(10, 226, '2010-08-03', '2012-02-14'),
(25, 731, '2017-10-13', '2013-09-01'),
(7, 643, '2016-07-17', '2014-11-06'),
(74, 348, '2017-02-19', '2013-06-30'),
(61, 40, '2012-02-23', '2018-12-05'),
(85, 467, '2011-01-22', '2015-06-30'),
(13, 184, '2011-01-04', '2017-11-06'),
(27, 789, '2012-08-05', '2020-03-10'),
(74, 356, '2019-04-30', '2011-11-03'),
(34, 222, '2012-01-13', '2019-08-06'),
(72, 286, '2021-09-22', '2014-05-16'),
(31, 823, '2015-02-24', null),
(70, 139, '2017-09-30', '2021-07-18'),
(77, 550, '2015-03-07', '2021-05-15'),
(72, 699, '2017-08-12', null),
(2, 194, '2014-04-27', '2015-06-02'),
(34, 200, '2021-08-09', null),
(54, 364, '2021-10-23', '2019-08-27'),
(72, 565, '2011-08-10', null),
(30, 750, '2017-07-26', '2020-11-04'),
(69, 291, '2012-03-08', '2015-05-11'),
(60, 905, '2018-02-05', '2013-09-19'),
(26, 923, '2018-01-31', '2020-01-22'),
(4, 654, '2019-03-30', '2010-05-07'),
(97, 834, '2013-06-25', null),
(76, 987, '2011-07-16', null),
(27, 18, '2014-03-30', '2018-12-31'),
(66, 900, '2020-09-30', '2013-06-05'),
(34, 422, '2019-02-18', '2012-11-30'),
(92, 766, '2010-12-26', '2019-04-18'),
(67, 967, '2010-05-21', null),
(90, 786, '2018-07-06', '2015-03-13'),
(80, 972, '2019-05-26', '2017-08-13'),
(15, 29, '2010-09-28', null),
(22, 921, '2020-10-27', null),
(70, 584, '2011-03-13', '2012-07-27'),
(44, 736, '2019-11-22', '2019-12-16'),
(49, 173, '2013-09-15', null),
(56, 252, '2021-02-25', null),
(85, 28, '2012-04-15', '2017-09-24'),
(37, 362, '2019-04-13', null),
(92, 494, '2019-03-01', '2014-01-15'),
(54, 413, '2012-08-01', '2013-11-23'),
(41, 56, '2018-04-02', '2015-07-04'),
(26, 614, '2012-06-03', '2018-08-18'),
(88, 7, '2011-06-16', '2019-06-13'),
(10, 707, '2019-12-21', '2010-01-20'),
(52, 255, '2020-08-14', '2019-06-23'),
(76, 576, '2017-04-07', '2019-03-29'),
(77, 390, '2018-01-03', null),
(57, 89, '2015-05-27', '2011-09-09'),
(84, 221, '2012-08-18', '2018-02-08'),
(51, 561, '2013-03-03', '2017-04-10'),
(26, 955, '2014-11-30', '2011-04-13'),
(49, 869, '2012-09-09', '2021-03-01'),
(75, 601, '2016-03-08', '2020-05-10'),
(81, 576, '2012-06-24', null),
(90, 779, '2018-07-30', '2012-10-05'),
(8, 408, '2020-12-29', '2018-06-08'),
(47, 566, '2021-10-28', null),
(40, 579, '2016-07-12', '2021-03-31'),
(45, 853, '2018-11-28', '2011-08-12'),
(72, 457, '2011-01-13', '2010-08-12'),
(87, 846, '2021-06-16', '2020-05-11'),
(46, 495, '2017-04-14', '2016-04-30'),
(14, 707, '2015-03-14', '2011-12-16'),
(86, 402, '2020-01-12', '2020-08-25'),
(39, 564, '2017-10-05', '2010-03-24'),
(45, 617, '2012-10-23', null),
(50, 21, '2014-12-22', '2021-05-08'),
(16, 723, '2020-03-20', '2021-09-12'),
(50, 730, '2014-02-27', '2013-04-12'),
(27, 826, '2015-07-23', '2019-03-10'),
(53, 676, '2019-01-28', '2015-06-08'),
(58, 222, '2013-12-29', '2011-01-28'),
(76, 713, '2013-02-18', '2013-03-02'),
(81, 570, '2017-08-31', '2020-02-18'),
(48, 891, '2017-02-27', '2017-01-27'),
(62, 285, '2020-03-13', '2020-04-28'),
(18, 317, '2014-01-14', '2010-05-03'),
(61, 52, '2019-07-28', '2021-11-08'),
(91, 404, '2016-09-01', null),
(54, 110, '2021-07-05', '2016-11-12'),
(88, 695, '2019-12-01', '2019-09-03'),
(36, 54, '2019-12-19', '2020-11-23'),
(41, 608, '2015-11-05', null),
(19, 635, '2014-03-13', '2014-04-18'),
(7, 297, '2020-04-09', '2016-12-26'),
(100, 300, '2018-04-10', '2020-12-11'),
(4, 433, '2012-08-20', '2018-12-24'),
(45, 416, '2015-03-25', '2017-01-10'),
(78, 115, '2019-03-03', null),
(51, 634, '2017-09-06', '2016-04-18'),
(23, 90, '2018-10-25', '2011-08-19'),
(61, 561, '2019-08-03', '2013-10-02'),
(68, 596, '2010-12-02', '2020-03-28'),
(89, 130, '2020-01-03', '2021-04-10'),
(40, 962, '2012-08-19', null),
(4, 188, '2020-06-09', null),
(74, 638, '2021-06-21', '2018-08-19'),
(75, 868, '2014-05-29', '2010-08-30'),
(61, 901, '2014-10-25', '2011-08-17'),
(29, 843, '2020-11-08', '2021-10-14'),
(85, 450, '2018-06-27', '2014-10-11'),
(5, 861, '2019-05-22', '2017-01-28'),
(74, 899, '2021-07-10', '2016-07-05'),
(18, 929, '2010-12-03', '2016-11-30'),
(6, 545, '2013-06-01', '2021-02-08'),
(40, 586, '2011-12-20', '2013-03-05'),
(85, 473, '2013-03-27', '2010-04-24'),
(2, 121, '2012-03-23', '2020-03-19'),
(42, 35, '2016-07-23', '2019-07-10'),
(11, 937, '2016-07-31', null),
(96, 588, '2013-08-24', '2015-05-16'),
(37, 331, '2014-03-16', '2016-02-18'),
(48, 225, '2014-12-04', '2014-03-16'),
(41, 703, '2020-03-03', '2011-09-24'),
(44, 501, '2021-07-25', null),
(69, 674, '2016-09-25', '2018-08-12'),
(74, 245, '2014-08-15', '2012-06-23'),
(95, 411, '2018-01-25', '2019-05-07'),
(57, 876, '2016-11-20', '2018-04-18'),
(51, 632, '2016-04-01', '2011-04-20'),
(24, 506, '2016-04-17', '2011-02-16'),
(16, 138, '2015-08-10', '2014-09-09'),
(78, 671, '2012-01-09', '2017-08-09'),
(16, 937, '2016-01-11', '2015-11-23'),
(78, 118, '2018-08-05', '2016-08-07'),
(79, 638, '2014-01-19', '2015-03-22'),
(54, 967, '2013-04-14', '2010-12-15'),
(3, 799, '2010-09-01', '2013-06-20'),
(28, 447, '2014-10-08', '2015-10-08'),
(59, 502, '2010-06-25', '2013-09-08'),
(73, 942, '2013-06-24', null),
(4, 497, '2012-09-22', '2010-06-15'),
(7, 95, '2012-08-30', null),
(52, 802, '2014-01-31', '2020-09-08'),
(92, 682, '2013-10-02', null),
(84, 969, '2021-09-25', null),
(10, 720, '2012-02-23', '2020-01-26'),
(27, 146, '2013-04-10', '2021-07-09'),
(34, 378, '2012-05-05', '2019-08-14'),
(65, 761, '2011-11-13', '2017-01-11'),
(58, 275, '2011-09-05', '2019-07-23'),
(53, 974, '2011-11-26', '2014-10-24'),
(55, 125, '2018-07-20', '2020-02-21'),
(28, 888, '2010-03-16', '2013-01-02'),
(37, 174, '2019-02-07', '2016-03-25'),
(40, 560, '2019-05-24', '2016-08-13'),
(43, 213, '2016-01-28', null),
(45, 455, '2021-02-14', '2013-11-12'),
(41, 808, '2012-07-08', '2013-06-17'),
(50, 24, '2011-01-31', '2020-06-21'),
(92, 944, '2020-12-26', '2012-09-25'),
(33, 879, '2017-03-25', '2021-06-01'),
(43, 200, '2010-05-13', null),
(33, 565, '2012-07-11', '2013-12-29'),
(82, 162, '2013-06-20', '2020-01-13'),
(41, 735, '2013-04-29', '2010-06-01'),
(54, 874, '2018-07-25', '2012-08-19'),
(91, 48, '2010-10-26', '2020-12-20'),
(40, 487, '2014-03-24', '2020-09-09'),
(58, 191, '2014-09-13', '2019-01-09'),
(1, 616, '2015-03-09', '2020-11-08'),
(91, 31, '2021-03-09', null),
(7, 831, '2019-09-30', '2014-02-10'),
(72, 776, '2012-09-21', '2013-04-03'),
(1, 451, '2010-02-11', '2018-09-08'),
(68, 872, '2014-06-01', '2014-03-26'),
(3, 352, '2013-05-16', '2020-03-09'),
(25, 445, '2015-04-20', null),
(99, 904, '2013-06-13', '2010-02-24'),
(48, 696, '2018-06-08', '2016-05-13'),
(85, 706, '2016-03-25', '2018-11-13'),
(36, 266, '2017-12-17', null),
(81, 383, '2019-09-25', '2017-09-28'),
(79, 636, '2019-01-03', '2016-10-13'),
(21, 137, '2017-06-27', null),
(77, 605, '2016-11-24', '2010-09-19'),
(86, 965, '2012-04-07', null),
(36, 80, '2010-10-06', null),
(42, 269, '2019-08-25', '2019-03-13'),
(72, 903, '2019-04-07', '2020-01-24'),
(68, 724, '2016-02-09', '2017-05-07'),
(65, 441, '2015-10-15', '2021-02-12'),
(2, 84, '2014-12-15', '2014-08-27'),
(91, 205, '2014-09-07', '2010-10-27'),
(30, 380, '2011-02-10', '2017-08-16'),
(89, 90, '2013-07-01', null),
(50, 598, '2014-02-21', null),
(98, 697, '2020-08-23', null),
(95, 234, '2017-11-07', '2014-08-14'),
(38, 829, '2012-01-25', '2016-02-09'),
(49, 111, '2018-10-10', null),
(66, 417, '2019-02-05', '2010-10-02'),
(78, 571, '2019-02-09', '2010-01-31'),
(96, 9, '2015-07-23', '2015-12-15'),
(28, 168, '2016-02-25', '2010-06-27'),
(50, 640, '2018-08-20', '2010-09-05'),
(13, 686, '2012-01-07', '2017-03-06'),
(71, 615, '2010-11-21', '2018-07-20'),
(96, 291, '2017-01-04', '2016-03-24'),
(32, 697, '2020-08-16', '2014-01-26'),
(32, 104, '2013-05-31', '2014-11-22'),
(32, 163, '2021-03-19', '2010-10-16'),
(32, 588, '2013-04-04', '2015-07-21'),
(32, 328, '2012-01-14', '2015-11-02'),
(32, 473, '2020-03-31', '2012-03-19'),
(32, 525, '2020-02-17', '2011-11-06'),
(32, 917, '2021-07-19', '2013-12-14'),
(32, 355, '2021-09-24', null);


insert into COMMENTARY (id_commentary, id_game, id_system_user, comment_date, commentary) values (1, 45, 633, '2012-07-24', 'tempus vivamus in felis'),
(2, 99, 456, '2011-08-17', 'nunc proin at turpis a'),
(3, 68, 260, '2021-10-14', 'libero nullam sit amet turpis elementum'),
(4, 49, 943, '2014-10-11', 'enim sit amet nunc viverra dapibus nulla suscipit'),
(5, 50, 49, '2010-08-30', 'suspendisse accumsan tortor'),
(6, 68, 969, '2011-08-17', 'eget orci'),
(7, 67, 533, '2021-10-14', 'cras in purus eu magna vulputate luctus cum'),
(8, 98, 254, '2014-10-11', 'at turpis a pede posuere nonummy integer non'),
(9, 96, 468, '2010-08-30', 'cursus id turpis'),
(10, 47, 321, '2011-08-17', 'mauris sit amet eros suspendisse accumsan'),
(11, 77, 359, '2021-10-14', 'elementum pellentesque quisque porta volutpat'),
(12, 92, 594, '2014-10-11', 'tempus semper est quam pharetra magna ac'),
(13, 38, 798, '2010-08-30', 'natoque penatibus et magnis dis parturient montes'),
(14, 79, 119, '2011-08-17', 'ligula sit amet'),
(15, 91, 422, '2021-10-14', 'vestibulum aliquet ultrices'),
(16, 73, 479, '2014-10-11', 'maecenas tristique'),
(17, 13, 533, '2010-08-30', 'nulla ac enim in tempor turpis'),
(18, 64, 182, '2011-08-17', 'erat fermentum justo nec condimentum neque sapien placerat'),
(19, 12, 775, '2021-10-14', 'ante nulla justo aliquam quis turpis eget'),
(20, 87, 881, '2014-10-11', 'nibh in lectus pellentesque at'),
(21, 19, 61, '2010-08-30', 'posuere cubilia curae mauris viverra diam vitae quam'),
(22, 6, 175, '2011-08-17', 'curae mauris viverra diam vitae'),
(23, 79, 659, '2021-10-14', 'rhoncus mauris enim leo rhoncus'),
(24, 53, 418, '2014-10-11', 'augue luctus'),
(25, 96, 403, '2010-08-30', 'rhoncus sed vestibulum'),
(26, 61, 902, '2011-08-17', 'in ante'),
(27, 26, 940, '2021-10-14', 'hendrerit at vulputate vitae nisl aenean lectus pellentesque'),
(28, 23, 490, '2014-10-11', 'ut volutpat sapien arcu sed'),
(29, 48, 432, '2010-08-30', 'vivamus vestibulum sagittis sapien cum'),
(30, 94, 82, '2011-08-17', 'posuere felis'),
(31, 23, 183, '2021-10-14', 'ultrices enim lorem ipsum dolor sit amet consectetuer'),
(32, 73, 646, '2014-10-11', 'integer ac neque duis bibendum morbi non'),
(33, 90, 139, '2010-08-30', 'nisl duis bibendum'),
(34, 72, 758, '2011-08-17', 'consequat morbi a ipsum integer'),
(35, 63, 455, '2021-10-14', 'vel enim'),
(36, 17, 371, '2014-10-11', 'ipsum primis'),
(37, 3, 939, '2010-08-30', 'euismod scelerisque quam turpis adipiscing'),
(38, 66, 595, '2011-08-17', 'tortor risus dapibus augue vel accumsan tellus nisi'),
(39, 57, 46, '2021-10-14', 'ipsum praesent blandit'),
(40, 31, 821, '2014-10-11', 'nulla tellus in sagittis dui vel'),
(41, 31, 368, '2010-08-30', 'dui vel nisl duis ac nibh'),
(42, 32, 697, '2011-08-17', 'quam suspendisse potenti nullam porttitor lacus at'),
(43, 42, 585, '2021-10-14', 'pede morbi'),
(44, 2, 845, '2014-10-11', 'ut erat id mauris vulputate elementum'),
(45, 73, 291, '2010-08-30', 'luctus ultricies eu nibh quisque id justo sit'),
(46, 67, 223, '2011-08-17', 'luctus et ultrices posuere cubilia curae mauris viverra'),
(47, 15, 41, '2021-10-14', 'semper interdum mauris ullamcorper purus sit amet nulla'),
(48, 49, 296, '2014-10-11', 'ipsum dolor sit amet'),
(49, 29, 157, '2010-08-30', 'ultrices aliquet maecenas leo odio'),
(50, 69, 16, '2011-08-17', 'aliquet pulvinar sed nisl nunc rhoncus dui vel'),
(51, 94, 806, '2021-10-14', 'ligula nec sem duis aliquam convallis nunc proin'),
(52, 66, 204, '2014-10-11', 'vestibulum ante ipsum primis'),
(53, 62, 947, '2010-08-30', 'luctus ultricies eu nibh quisque id justo sit'),
(54, 90, 580, '2011-08-17', 'congue vivamus metus'),
(55, 23, 875, '2021-10-14', 'pellentesque quisque porta volutpat erat'),
(56, 14, 836, '2014-10-11', 'libero quis'),
(57, 29, 907, '2010-08-30', 'orci luctus et'),
(58, 65, 28, '2011-08-17', 'luctus et ultrices'),
(59, 82, 699, '2021-10-14', 'sem fusce consequat nulla nisl nunc'),
(60, 35, 175, '2014-10-11', 'vestibulum vestibulum ante ipsum primis'),
(61, 1, 858, '2010-08-30', 'dictumst maecenas ut'),
(62, 37, 990, '2011-08-17', 'diam vitae quam'),
(63, 83, 482, '2021-10-14', 'turpis a pede posuere'),
(64, 26, 53, '2014-10-11', 'vulputate luctus cum sociis'),
(65, 51, 179, '2010-08-30', 'adipiscing lorem vitae mattis nibh ligula nec'),
(66, 93, 922, '2011-08-17', 'tempor turpis nec'),
(67, 54, 938, '2021-10-14', 'nullam porttitor lacus at turpis donec posuere'),
(68, 16, 414, '2014-10-11', 'sapien placerat ante'),
(69, 41, 687, '2010-08-30', 'ipsum primis in faucibus orci luctus et'),
(70, 77, 580, '2011-08-17', 'justo nec condimentum neque sapien placerat ante nulla'),
(71, 27, 353, '2021-10-14', 'tortor duis mattis egestas metus aenean fermentum'),
(72, 70, 762, '2014-10-11', 'nullam sit amet turpis elementum ligula vehicula'),
(73, 74, 950, '2010-08-30', 'et ultrices posuere cubilia curae nulla'),
(74, 38, 252, '2011-08-17', 'primis in faucibus'),
(75, 46, 316, '2021-10-14', 'curae donec pharetra magna vestibulum aliquet'),
(76, 22, 212, '2014-10-11', 'nec dui luctus rutrum nulla'),
(77, 45, 515, '2010-08-30', 'id pretium iaculis diam erat fermentum justo nec'),
(78, 84, 710, '2011-08-17', 'sapien iaculis'),
(79, 92, 850, '2021-10-14', 'eu mi nulla'),
(80, 52, 533, '2014-10-11', 'nibh in lectus pellentesque at nulla suspendisse potenti'),
(81, 76, 481, '2010-08-30', 'ac tellus'),
(82, 25, 838, '2011-08-17', 'duis at velit eu est congue elementum in'),
(83, 14, 950, '2021-10-14', 'nisl aenean lectus pellentesque eget nunc donec'),
(84, 96, 42, '2014-10-11', 'pellentesque viverra pede ac diam cras'),
(85, 15, 308, '2010-08-30', 'tempus vivamus'),
(86, 20, 522, '2011-08-17', 'congue risus semper porta volutpat quam pede lobortis'),
(87, 8, 251, '2021-10-14', 'nisl duis bibendum felis'),
(88, 72, 727, '2014-10-11', 'cum sociis natoque penatibus et magnis dis parturient'),
(89, 38, 34, '2010-08-30', 'nam dui proin leo odio porttitor id consequat'),
(90, 52, 324, '2011-08-17', 'congue elementum in hac habitasse platea dictumst morbi'),
(91, 91, 559, '2021-10-14', 'nonummy integer non'),
(92, 74, 518, '2014-10-11', 'at diam nam tristique tortor eu pede'),
(93, 22, 323, '2010-08-30', 'duis bibendum felis sed interdum venenatis'),
(94, 47, 62, '2011-08-17', 'nullam varius nulla facilisi cras'),
(95, 40, 506, '2021-10-14', 'ac leo pellentesque ultrices mattis odio donec'),
(96, 99, 719, '2014-10-11', 'turpis nec euismod scelerisque quam turpis adipiscing'),
(97, 72, 153, '2010-08-30', 'id sapien in sapien iaculis congue vivamus metus'),
(98, 29, 403, '2011-08-17', 'eget orci vehicula condimentum curabitur in'),
(99, 20, 564, '2021-10-14', 'libero rutrum ac'),
(100, 54, 555, '2014-10-11', 'nulla neque libero convallis eget'),
(101, 38, 102, '2010-08-30', 'consequat morbi a ipsum integer a nibh'),
(102, 29, 770, '2011-08-17', 'pellentesque eget nunc'),
(103, 89, 303, '2021-10-14', 'lacinia sapien quis'),
(104, 1, 304, '2014-10-11', 'quis odio consequat varius integer ac'),
(105, 8, 175, '2010-08-30', 'amet cursus id turpis'),
(106, 12, 208, '2011-08-17', 'amet nulla quisque arcu libero rutrum'),
(107, 48, 677, '2021-10-14', 'adipiscing molestie hendrerit at vulputate vitae'),
(108, 24, 297, '2014-10-11', 'rutrum nulla tellus in sagittis dui'),
(109, 54, 857, '2010-08-30', 'at nunc commodo placerat praesent'),
(110, 46, 189, '2011-08-17', 'consequat lectus in est risus auctor sed tristique'),
(111, 55, 398, '2021-10-14', 'aliquam augue quam'),
(112, 91, 701, '2014-10-11', 'cras in purus eu magna vulputate luctus cum'),
(113, 59, 322, '2010-08-30', 'nascetur ridiculus mus etiam vel augue vestibulum'),
(114, 96, 199, '2011-08-17', 'pulvinar lobortis est phasellus sit amet erat'),
(115, 18, 778, '2021-10-14', 'pellentesque quisque'),
(116, 95, 192, '2014-10-11', 'nisi vulputate nonummy'),
(117, 50, 200, '2010-08-30', 'curabitur convallis duis consequat dui nec nisi volutpat'),
(118, 92, 628, '2011-08-17', 'nisl duis bibendum felis sed interdum venenatis turpis'),
(119, 33, 764, '2021-10-14', 'rutrum ac lobortis'),
(120, 67, 219, '2014-10-11', 'in tempus sit amet sem fusce consequat'),
(121, 88, 701, '2010-08-30', 'pede posuere nonummy integer'),
(122, 55, 910, '2011-08-17', 'magna ac consequat'),
(123, 78, 380, '2021-10-14', 'lobortis est'),
(124, 48, 481, '2014-10-11', 'id justo sit amet sapien dignissim'),
(125, 70, 264, '2010-08-30', 'mauris non'),
(126, 87, 585, '2011-08-17', 'ligula nec sem duis aliquam'),
(127, 56, 645, '2021-10-14', 'integer ac leo pellentesque ultrices mattis odio'),
(128, 97, 538, '2014-10-11', 'lorem vitae'),
(129, 96, 703, '2010-08-30', 'in blandit ultrices enim'),
(130, 50, 380, '2011-08-17', 'sollicitudin mi'),
(131, 9, 142, '2021-10-14', 'sit amet eros suspendisse accumsan'),
(132, 46, 252, '2014-10-11', 'morbi vel lectus in quam fringilla'),
(133, 70, 45, '2010-08-30', 'sed nisl nunc rhoncus dui vel sem'),
(134, 84, 502, '2011-08-17', 'morbi ut odio'),
(135, 56, 162, '2021-10-14', 'tortor duis mattis egestas metus'),
(136, 23, 637, '2014-10-11', 'et ultrices posuere cubilia curae mauris viverra'),
(137, 3, 326, '2010-08-30', 'mollis molestie lorem quisque ut'),
(138, 43, 287, '2011-08-17', 'vestibulum ac est lacinia nisi venenatis'),
(139, 7, 629, '2021-10-14', 'neque aenean'),
(140, 6, 620, '2014-10-11', 'augue quam sollicitudin vitae consectetuer eget rutrum at'),
(141, 39, 907, '2010-08-30', 'a libero nam dui proin'),
(142, 97, 101, '2011-08-17', 'vivamus tortor'),
(143, 95, 199, '2021-10-14', 'metus vitae ipsum aliquam'),
(144, 31, 195, '2014-10-11', 'parturient montes'),
(145, 88, 292, '2010-08-30', 'porttitor id consequat in consequat ut nulla sed'),
(146, 32, 328, '2011-08-17', 'fusce congue diam id ornare imperdiet'),
(147, 20, 649, '2021-10-14', 'mauris laoreet ut rhoncus aliquet'),
(148, 27, 337, '2014-10-11', 'arcu libero rutrum ac lobortis vel dapibus at'),
(149, 17, 123, '2010-08-30', 'ligula nec sem duis aliquam'),
(150, 35, 173, '2011-08-17', 'consectetuer adipiscing elit proin interdum mauris'),
(151, 54, 74, '2021-10-14', 'in felis eu sapien cursus vestibulum proin'),
(152, 40, 172, '2014-10-11', 'eu felis fusce posuere felis sed lacus morbi'),
(153, 13, 581, '2010-08-30', 'faucibus orci luctus et ultrices posuere cubilia curae'),
(154, 14, 245, '2011-08-17', 'tellus nisi eu orci mauris'),
(155, 19, 905, '2021-10-14', 'sollicitudin vitae consectetuer eget'),
(156, 8, 118, '2014-10-11', 'nulla tellus'),
(157, 35, 317, '2010-08-30', 'quam suspendisse potenti nullam'),
(158, 3, 795, '2011-08-17', 'pellentesque viverra pede ac diam cras'),
(159, 14, 602, '2021-10-14', 'vel est donec odio justo sollicitudin'),
(160, 17, 893, '2014-10-11', 'mattis egestas metus aenean fermentum donec'),
(161, 58, 575, '2010-08-30', 'orci pede venenatis non sodales sed tincidunt eu'),
(162, 66, 723, '2011-08-17', 'lacinia eget tincidunt eget tempus vel pede morbi'),
(163, 12, 58, '2021-10-14', 'phasellus in felis donec semper sapien a libero'),
(164, 97, 34, '2014-10-11', 'nibh quisque id justo sit amet'),
(165, 62, 388, '2010-08-30', 'tempor turpis'),
(166, 8, 243, '2011-08-17', 'curabitur convallis duis consequat dui nec nisi'),
(167, 97, 162, '2021-10-14', 'pulvinar sed nisl nunc'),
(168, 89, 516, '2014-10-11', 'est quam pharetra magna ac consequat metus'),
(169, 69, 627, '2010-08-30', 'mi sit amet lobortis sapien sapien'),
(170, 97, 816, '2011-08-17', 'at nibh in'),
(171, 15, 635, '2021-10-14', 'vulputate vitae'),
(172, 95, 648, '2014-10-11', 'rutrum nulla tellus'),
(173, 55, 356, '2010-08-30', 'ac est lacinia'),
(174, 91, 403, '2011-08-17', 'quis justo maecenas'),
(175, 87, 587, '2021-10-14', 'vestibulum ante'),
(176, 46, 998, '2014-10-11', 'vitae consectetuer eget rutrum at lorem integer'),
(177, 65, 439, '2010-08-30', 'interdum mauris non ligula pellentesque ultrices phasellus id'),
(178, 30, 710, '2011-08-17', 'vestibulum vestibulum ante ipsum primis in'),
(179, 34, 670, '2021-10-14', 'in hac habitasse platea dictumst maecenas ut'),
(180, 78, 916, '2014-10-11', 'pretium quis lectus suspendisse potenti'),
(181, 29, 393, '2010-08-30', 'consequat varius integer ac leo pellentesque'),
(182, 6, 415, '2011-08-17', 'posuere cubilia curae nulla dapibus dolor'),
(183, 6, 494, '2021-10-14', 'nibh in'),
(184, 56, 139, '2014-10-11', 'sapien ut nunc vestibulum ante ipsum primis'),
(185, 54, 200, '2010-08-30', 'quis turpis eget elit sodales scelerisque'),
(186, 83, 952, '2011-08-17', 'lobortis vel'),
(187, 79, 967, '2021-10-14', 'nibh in hac'),
(188, 32, 525, '2014-10-11', 'duis consequat dui nec nisi volutpat eleifend donec'),
(189, 38, 199, '2010-08-30', 'eu sapien cursus vestibulum'),
(190, 34, 965, '2011-08-17', 'dis parturient'),
(191, 3, 580, '2021-10-14', 'ut ultrices vel augue vestibulum ante ipsum'),
(192, 83, 484, '2014-10-11', 'diam in magna bibendum'),
(193, 35, 632, '2010-08-30', 'id turpis integer aliquet massa'),
(194, 73, 241, '2011-08-17', 'nunc commodo placerat praesent blandit'),
(195, 69, 820, '2021-10-14', 'mauris viverra'),
(196, 99, 656, '2014-10-11', 'sapien cursus vestibulum proin eu mi nulla ac'),
(197, 42, 686, '2010-08-30', 'quisque id justo sit amet sapien dignissim'),
(198, 56, 924, '2011-08-17', 'volutpat convallis morbi odio odio'),
(199, 56, 327, '2021-10-14', 'accumsan tellus nisi'),
(200, 18, 643, '2014-10-11', 'quam pharetra magna'),
(201, 2, 81, '2010-08-30', 'ante vestibulum ante ipsum primis'),
(202, 53, 131, '2011-08-17', 'vulputate justo in blandit'),
(203, 71, 53, '2021-10-14', 'quisque ut erat curabitur gravida nisi at nibh'),
(204, 4, 487, '2014-10-11', 'curabitur in'),
(205, 60, 297, '2010-08-30', 'quam turpis adipiscing lorem vitae'),
(206, 86, 263, '2011-08-17', 'semper interdum'),
(207, 69, 241, '2021-10-14', 'semper porta'),
(208, 30, 746, '2014-10-11', 'interdum in ante vestibulum'),
(209, 100, 402, '2010-08-30', 'massa quis augue luctus tincidunt nulla mollis molestie'),
(210, 86, 62, '2011-08-17', 'faucibus orci luctus'),
(211, 47, 919, '2021-10-14', 'dictumst maecenas ut'),
(212, 64, 99, '2014-10-11', 'purus eu magna vulputate luctus'),
(213, 69, 635, '2010-08-30', 'convallis nunc proin'),
(214, 45, 666, '2011-08-17', 'ultricies eu nibh'),
(215, 55, 604, '2021-10-14', 'aenean auctor gravida sem praesent id'),
(216, 66, 94, '2014-10-11', 'a libero nam dui proin leo odio porttitor'),
(217, 87, 628, '2010-08-30', 'sagittis dui vel nisl duis ac nibh fusce'),
(218, 25, 228, '2011-08-17', 'lorem quisque ut erat curabitur gravida nisi'),
(219, 89, 181, '2021-10-14', 'eget elit'),
(220, 50, 335, '2014-10-11', 'tristique in tempus sit amet sem fusce'),
(221, 56, 406, '2010-08-30', 'odio porttitor id consequat in consequat ut'),
(222, 7, 802, '2011-08-17', 'vel sem'),
(223, 52, 417, '2021-10-14', 'donec diam'),
(224, 16, 373, '2014-10-11', 'rutrum nulla tellus'),
(225, 45, 447, '2010-08-30', 'congue diam id ornare imperdiet sapien'),
(226, 39, 860, '2011-08-17', 'pellentesque ultrices mattis odio donec vitae nisi nam'),
(227, 4, 587, '2021-10-14', 'venenatis non sodales'),
(228, 81, 796, '2014-10-11', 'ultrices aliquet maecenas'),
(229, 46, 191, '2010-08-30', 'nec dui luctus rutrum nulla tellus in'),
(230, 40, 128, '2011-08-17', 'erat volutpat in congue'),
(231, 41, 591, '2021-10-14', 'viverra diam vitae quam suspendisse potenti'),
(232, 46, 233, '2014-10-11', 'suscipit nulla elit'),
(233, 53, 715, '2010-08-30', 'ipsum aliquam'),
(234, 43, 252, '2011-08-17', 'sed justo pellentesque viverra pede ac diam cras'),
(235, 67, 477, '2021-10-14', 'et ultrices posuere cubilia curae nulla dapibus dolor'),
(236, 39, 914, '2014-10-11', 'eget orci vehicula condimentum'),
(237, 18, 296, '2010-08-30', 'vel lectus in quam fringilla rhoncus mauris'),
(238, 22, 287, '2011-08-17', 'amet erat nulla tempus'),
(239, 53, 862, '2021-10-14', 'nisl duis ac nibh fusce lacus purus'),
(240, 35, 425, '2014-10-11', 'volutpat convallis morbi'),
(241, 36, 281, '2010-08-30', 'magna ac consequat'),
(242, 73, 913, '2011-08-17', 'tristique est et'),
(243, 25, 133, '2021-10-14', 'tellus nulla ut'),
(244, 24, 410, '2014-10-11', 'nulla eget eros elementum'),
(245, 6, 499, '2010-08-30', 'suscipit nulla elit ac nulla sed'),
(246, 24, 762, '2011-08-17', 'adipiscing elit proin'),
(247, 20, 560, '2021-10-14', 'proin interdum mauris non ligula pellentesque'),
(248, 66, 692, '2014-10-11', 'eget nunc donec quis orci eget'),
(249, 7, 781, '2010-08-30', 'integer non velit donec'),
(250, 99, 336, '2011-08-17', 'justo in blandit ultrices enim lorem ipsum'),
(251, 91, 387, '2021-10-14', 'varius nulla facilisi cras non velit nec'),
(252, 98, 308, '2014-10-11', 'dignissim vestibulum'),
(253, 33, 757, '2010-08-30', 'magna ac consequat'),
(254, 77, 601, '2011-08-17', 'venenatis turpis'),
(255, 73, 964, '2021-10-14', 'erat fermentum justo'),
(256, 12, 768, '2014-10-11', 'duis ac'),
(257, 26, 449, '2010-08-30', 'quam nec dui luctus rutrum'),
(258, 60, 632, '2011-08-17', 'sit amet nulla quisque arcu libero'),
(259, 43, 552, '2021-10-14', 'vivamus in'),
(260, 98, 279, '2014-10-11', 'mauris laoreet ut rhoncus aliquet pulvinar sed nisl'),
(261, 100, 172, '2010-08-30', 'id consequat in consequat ut nulla sed accumsan'),
(262, 75, 323, '2011-08-17', 'bibendum imperdiet nullam orci'),
(263, 12, 98, '2021-10-14', 'in hac habitasse'),
(264, 88, 721, '2014-10-11', 'nullam sit amet turpis'),
(265, 56, 932, '2010-08-30', 'ligula sit amet eleifend pede libero quis orci'),
(266, 90, 333, '2011-08-17', 'nec dui luctus rutrum nulla tellus in'),
(267, 25, 481, '2021-10-14', 'donec quis orci eget orci'),
(268, 74, 76, '2014-10-11', 'ipsum primis in faucibus orci luctus et ultrices'),
(269, 80, 721, '2010-08-30', 'nunc nisl duis bibendum felis sed interdum'),
(270, 75, 727, '2011-08-17', 'ac est lacinia nisi'),
(271, 8, 828, '2021-10-14', 'amet nunc viverra dapibus nulla suscipit ligula in'),
(272, 58, 445, '2014-10-11', 'eget eleifend luctus ultricies eu'),
(273, 72, 324, '2010-08-30', 'et magnis dis'),
(274, 49, 322, '2011-08-17', 'vestibulum ante'),
(275, 24, 92, '2021-10-14', 'dapibus duis at velit'),
(276, 87, 643, '2014-10-11', 'ullamcorper augue a suscipit nulla elit ac nulla'),
(277, 58, 349, '2010-08-30', 'luctus et ultrices posuere cubilia'),
(278, 45, 353, '2011-08-17', 'libero rutrum ac lobortis vel dapibus at'),
(279, 1, 771, '2021-10-14', 'nonummy integer non velit'),
(280, 53, 82, '2014-10-11', 'eu est congue elementum'),
(281, 69, 540, '2010-08-30', 'et eros vestibulum ac est lacinia'),
(282, 21, 602, '2011-08-17', 'cum sociis natoque penatibus et magnis dis parturient'),
(283, 40, 169, '2021-10-14', 'et ultrices'),
(284, 22, 225, '2014-10-11', 'mi in porttitor pede justo'),
(285, 36, 454, '2010-08-30', 'turpis elementum ligula vehicula consequat morbi a ipsum'),
(286, 12, 605, '2011-08-17', 'diam vitae quam suspendisse'),
(287, 69, 334, '2021-10-14', 'congue eget semper rutrum nulla'),
(288, 79, 951, '2014-10-11', 'donec vitae'),
(289, 19, 944, '2010-08-30', 'aliquam augue quam sollicitudin vitae consectetuer eget rutrum'),
(290, 72, 910, '2011-08-17', 'ultricies eu nibh quisque id justo'),
(291, 4, 569, '2021-10-14', 'scelerisque mauris sit'),
(292, 45, 914, '2014-10-11', 'curae mauris viverra diam vitae quam suspendisse potenti'),
(293, 73, 172, '2010-08-30', 'eget nunc donec quis orci eget orci vehicula'),
(294, 94, 212, '2011-08-17', 'eget elit'),
(295, 7, 930, '2021-10-14', 'dolor morbi vel'),
(296, 67, 678, '2014-10-11', 'nisl venenatis lacinia aenean sit amet'),
(297, 68, 739, '2010-08-30', 'odio cras mi pede malesuada in'),
(298, 62, 601, '2011-08-17', 'sit amet eros suspendisse'),
(299, 29, 631, '2021-10-14', 'mauris enim leo rhoncus sed vestibulum'),
(300, 46, 35, '2014-10-11', 'integer ac leo pellentesque ultrices mattis odio donec'),
(301, 70, 598, '2010-08-30', 'in magna bibendum'),
(302, 45, 721, '2011-08-17', 'quis orci eget orci'),
(303, 67, 318, '2021-10-14', 'phasellus id sapien in sapien iaculis congue'),
(304, 65, 151, '2014-10-11', 'cubilia curae nulla dapibus dolor vel est'),
(305, 28, 887, '2010-08-30', 'habitasse platea dictumst'),
(306, 9, 972, '2011-08-17', 'ut at dolor'),
(307, 30, 438, '2021-10-14', 'blandit ultrices enim lorem ipsum dolor sit amet'),
(308, 65, 381, '2014-10-11', 'suspendisse ornare consequat lectus in'),
(309, 25, 833, '2010-08-30', 'pellentesque viverra'),
(310, 88, 275, '2011-08-17', 'tincidunt eu felis fusce posuere felis sed lacus'),
(311, 56, 191, '2021-10-14', 'volutpat eleifend donec ut dolor morbi vel'),
(312, 48, 569, '2014-10-11', 'at diam nam tristique tortor eu'),
(313, 60, 783, '2010-08-30', 'mauris laoreet'),
(314, 3, 71, '2011-08-17', 'sed tristique in tempus sit'),
(315, 35, 480, '2021-10-14', 'morbi vel'),
(316, 88, 586, '2014-10-11', 'mauris laoreet ut rhoncus aliquet pulvinar sed'),
(317, 76, 206, '2010-08-30', 'non velit donec diam'),
(318, 54, 901, '2011-08-17', 'cursus vestibulum proin eu mi nulla'),
(319, 3, 39, '2021-10-14', 'aliquet maecenas'),
(320, 67, 37, '2014-10-11', 'nunc commodo'),
(321, 76, 975, '2010-08-30', 'risus semper porta volutpat quam pede lobortis ligula'),
(322, 2, 890, '2011-08-17', 'molestie sed'),
(323, 99, 599, '2021-10-14', 'iaculis diam erat'),
(324, 53, 915, '2014-10-11', 'ligula sit'),
(325, 49, 153, '2010-08-30', 'interdum venenatis turpis'),
(326, 3, 110, '2011-08-17', 'aliquam lacus'),
(327, 12, 456, '2021-10-14', 'justo sollicitudin ut suscipit a feugiat et eros'),
(328, 70, 341, '2014-10-11', 'montes nascetur ridiculus'),
(329, 72, 164, '2010-08-30', 'nunc donec quis orci'),
(330, 39, 13, '2011-08-17', 'a feugiat et eros vestibulum ac est lacinia'),
(331, 6, 783, '2021-10-14', 'non sodales sed tincidunt eu felis fusce'),
(332, 15, 579, '2014-10-11', 'vestibulum sed magna at nunc commodo placerat praesent'),
(333, 62, 833, '2010-08-30', 'pede ullamcorper augue a suscipit nulla elit ac'),
(334, 70, 975, '2011-08-17', 'vulputate ut ultrices vel'),
(335, 79, 595, '2021-10-14', 'massa volutpat convallis morbi odio odio elementum eu'),
(336, 6, 599, '2014-10-11', 'porttitor pede justo eu massa donec dapibus'),
(337, 95, 217, '2010-08-30', 'in faucibus orci luctus et ultrices posuere'),
(338, 35, 299, '2011-08-17', 'in felis donec semper'),
(339, 71, 695, '2021-10-14', 'mollis molestie lorem quisque ut erat'),
(340, 93, 64, '2014-10-11', 'natoque penatibus et magnis dis parturient montes nascetur'),
(341, 67, 243, '2010-08-30', 'enim in tempor turpis nec'),
(342, 42, 571, '2011-08-17', 'nisi at nibh'),
(343, 91, 845, '2021-10-14', 'interdum venenatis turpis enim'),
(344, 48, 866, '2014-10-11', 'quam sapien varius'),
(345, 21, 373, '2010-08-30', 'metus sapien ut nunc'),
(346, 67, 295, '2011-08-17', 'nulla integer pede justo'),
(347, 43, 653, '2021-10-14', 'curae duis faucibus accumsan odio curabitur'),
(348, 98, 378, '2014-10-11', 'ipsum primis in'),
(349, 70, 258, '2010-08-30', 'massa tempor'),
(350, 50, 887, '2011-08-17', 'vestibulum ante ipsum primis'),
(351, 95, 839, '2021-10-14', 'natoque penatibus et'),
(352, 26, 796, '2014-10-11', 'ornare imperdiet'),
(353, 91, 36, '2010-08-30', 'nibh fusce lacus'),
(354, 18, 325, '2011-08-17', 'mauris ullamcorper purus sit amet nulla quisque'),
(355, 53, 202, '2021-10-14', 'eu est congue elementum'),
(356, 38, 123, '2014-10-11', 'vitae mattis nibh ligula'),
(357, 36, 456, '2010-08-30', 'mus vivamus vestibulum'),
(358, 51, 153, '2011-08-17', 'nulla dapibus dolor vel est donec'),
(359, 47, 109, '2021-10-14', 'et commodo vulputate'),
(360, 43, 935, '2014-10-11', 'eu est congue elementum in hac habitasse'),
(361, 46, 290, '2010-08-30', 'libero nam dui proin leo odio'),
(362, 49, 528, '2011-08-17', 'volutpat eleifend donec'),
(363, 37, 504, '2021-10-14', 'nulla dapibus dolor vel est donec'),
(364, 43, 529, '2014-10-11', 'quis orci eget orci vehicula'),
(365, 68, 171, '2010-08-30', 'quis tortor id'),
(366, 92, 661, '2011-08-17', 'vivamus in felis eu sapien cursus'),
(367, 88, 888, '2021-10-14', 'consequat morbi a ipsum'),
(368, 85, 361, '2014-10-11', 'habitasse platea dictumst morbi vestibulum velit id pretium'),
(369, 12, 945, '2010-08-30', 'vel ipsum praesent blandit lacinia erat vestibulum sed'),
(370, 20, 443, '2011-08-17', 'amet sem fusce consequat nulla nisl nunc nisl'),
(371, 1, 566, '2021-10-14', 'pharetra magna vestibulum aliquet'),
(372, 5, 367, '2014-10-11', 'sed justo pellentesque'),
(373, 68, 567, '2010-08-30', 'faucibus orci luctus'),
(374, 14, 440, '2011-08-17', 'donec vitae nisi nam ultrices libero'),
(375, 14, 995, '2021-10-14', 'gravida sem praesent'),
(376, 43, 90, '2014-10-11', 'et magnis'),
(377, 43, 777, '2010-08-30', 'aliquam sit amet diam in magna bibendum imperdiet'),
(378, 64, 593, '2011-08-17', 'morbi porttitor lorem id'),
(379, 19, 261, '2021-10-14', 'vel augue vestibulum ante ipsum'),
(380, 95, 525, '2014-10-11', 'nulla pede ullamcorper augue a suscipit nulla elit'),
(381, 3, 274, '2010-08-30', 'vitae nisi nam ultrices libero non mattis'),
(382, 51, 749, '2011-08-17', 'bibendum felis'),
(383, 9, 786, '2021-10-14', 'at dolor quis odio consequat varius'),
(384, 29, 687, '2014-10-11', 'sem duis aliquam convallis nunc proin at'),
(385, 83, 245, '2010-08-30', 'non pretium quis lectus'),
(386, 99, 125, '2011-08-17', 'at lorem integer tincidunt ante vel'),
(387, 76, 190, '2021-10-14', 'dictumst maecenas'),
(388, 97, 502, '2014-10-11', 'libero ut'),
(389, 52, 645, '2010-08-30', 'justo nec condimentum neque sapien placerat ante nulla'),
(390, 88, 997, '2011-08-17', 'at turpis a pede posuere'),
(391, 22, 343, '2021-10-14', 'risus semper porta'),
(392, 59, 677, '2014-10-11', 'blandit nam nulla integer pede justo'),
(393, 98, 352, '2010-08-30', 'nunc proin at turpis a pede posuere nonummy'),
(394, 80, 63, '2011-08-17', 'velit vivamus vel nulla'),
(395, 22, 613, '2021-10-14', 'donec semper sapien a libero nam'),
(396, 59, 37, '2014-10-11', 'lectus aliquam sit amet'),
(397, 93, 137, '2010-08-30', 'sapien ut nunc vestibulum ante'),
(398, 100, 335, '2011-08-17', 'integer aliquet massa id lobortis convallis tortor'),
(399, 20, 765, '2021-10-14', 'ligula vehicula consequat morbi'),
(400, 78, 915, '2014-10-11', 'suspendisse accumsan tortor quis turpis sed ante vivamus'),
(401, 10, 323, '2010-08-30', 'eu nibh'),
(402, 56, 57, '2011-08-17', 'felis ut at dolor quis odio consequat'),
(403, 32, 104, '2021-10-14', 'venenatis non sodales sed tincidunt eu felis'),
(404, 55, 22, '2014-10-11', 'magna bibendum imperdiet'),
(405, 44, 443, '2010-08-30', 'praesent lectus'),
(406, 29, 714, '2011-08-17', 'ultrices erat tortor sollicitudin mi sit amet'),
(407, 20, 264, '2021-10-14', 'est quam pharetra magna ac consequat metus'),
(408, 14, 688, '2014-10-11', 'massa tempor convallis nulla neque libero convallis eget'),
(409, 73, 683, '2010-08-30', 'integer non velit donec diam neque vestibulum'),
(410, 71, 435, '2011-08-17', 'etiam faucibus cursus urna ut tellus'),
(411, 60, 990, '2021-10-14', 'placerat praesent blandit nam nulla integer pede'),
(412, 63, 924, '2014-10-11', 'mattis egestas'),
(413, 80, 774, '2010-08-30', 'vestibulum velit'),
(414, 83, 317, '2011-08-17', 'diam vitae quam suspendisse'),
(415, 41, 528, '2021-10-14', 'ultrices enim lorem ipsum dolor sit amet'),
(416, 38, 447, '2014-10-11', 'congue diam id ornare imperdiet sapien'),
(417, 88, 570, '2010-08-30', 'vehicula consequat morbi a ipsum integer'),
(418, 48, 795, '2011-08-17', 'suspendisse accumsan tortor quis turpis'),
(419, 11, 364, '2021-10-14', 'quam nec dui luctus'),
(420, 7, 566, '2014-10-11', 'tristique in tempus sit amet sem fusce consequat'),
(421, 76, 513, '2010-08-30', 'sapien varius ut blandit non interdum in'),
(422, 54, 825, '2011-08-17', 'id justo sit amet sapien'),
(423, 36, 866, '2021-10-14', 'venenatis turpis enim'),
(424, 27, 194, '2014-10-11', 'at turpis a pede posuere nonummy integer'),
(425, 82, 893, '2010-08-30', 'aenean auctor gravida sem'),
(426, 50, 924, '2011-08-17', 'nascetur ridiculus mus etiam vel augue vestibulum rutrum'),
(427, 20, 587, '2021-10-14', 'auctor sed tristique in tempus sit amet'),
(428, 30, 841, '2014-10-11', 'dapibus duis at'),
(429, 51, 621, '2010-08-30', 'dolor morbi vel'),
(430, 50, 773, '2011-08-17', 'id mauris vulputate'),
(431, 8, 119, '2021-10-14', 'tristique est et tempus'),
(432, 35, 992, '2014-10-11', 'vivamus metus arcu adipiscing molestie hendrerit'),
(433, 23, 340, '2010-08-30', 'ligula nec sem duis aliquam convallis nunc'),
(434, 30, 795, '2011-08-17', 'eget eleifend luctus ultricies eu nibh quisque id'),
(435, 51, 438, '2021-10-14', 'natoque penatibus et magnis dis parturient'),
(436, 63, 426, '2014-10-11', 'morbi vel lectus in quam fringilla rhoncus'),
(437, 14, 905, '2010-08-30', 'tincidunt nulla mollis molestie lorem'),
(438, 5, 56, '2011-08-17', 'felis sed interdum venenatis turpis enim blandit mi'),
(439, 44, 203, '2021-10-14', 'tincidunt ante vel ipsum praesent blandit'),
(440, 85, 146, '2014-10-11', 'penatibus et magnis'),
(441, 1, 331, '2010-08-30', 'amet diam in magna bibendum'),
(442, 86, 952, '2011-08-17', 'integer non velit donec diam neque vestibulum eget'),
(443, 20, 621, '2021-10-14', 'sapien arcu sed augue'),
(444, 7, 234, '2014-10-11', 'facilisi cras non'),
(445, 73, 655, '2010-08-30', 'eget semper rutrum'),
(446, 15, 324, '2011-08-17', 'cubilia curae donec pharetra magna vestibulum'),
(447, 34, 812, '2021-10-14', 'pede lobortis ligula'),
(448, 48, 916, '2014-10-11', 'lorem integer tincidunt ante vel'),
(449, 1, 31, '2010-08-30', 'leo maecenas pulvinar lobortis est phasellus'),
(450, 10, 863, '2011-08-17', 'purus phasellus in felis donec semper'),
(451, 67, 365, '2021-10-14', 'lorem ipsum dolor'),
(452, 78, 275, '2014-10-11', 'ut tellus nulla ut erat id mauris vulputate'),
(453, 93, 492, '2010-08-30', 'tempus vel pede morbi'),
(454, 13, 292, '2011-08-17', 'massa id lobortis convallis tortor'),
(455, 73, 488, '2021-10-14', 'erat nulla tempus vivamus in felis eu'),
(456, 14, 783, '2014-10-11', 'nisl ut volutpat sapien arcu'),
(457, 90, 682, '2010-08-30', 'blandit nam'),
(458, 7, 806, '2011-08-17', 'orci nullam molestie nibh in lectus pellentesque'),
(459, 45, 25, '2021-10-14', 'montes nascetur ridiculus mus vivamus'),
(460, 34, 528, '2014-10-11', 'curae donec pharetra magna vestibulum'),
(461, 63, 827, '2010-08-30', 'ornare consequat'),
(462, 70, 182, '2011-08-17', 'sapien iaculis'),
(463, 22, 131, '2021-10-14', 'amet diam in magna bibendum imperdiet nullam orci'),
(464, 93, 380, '2014-10-11', 'dis parturient'),
(465, 92, 963, '2010-08-30', 'tincidunt in leo maecenas'),
(466, 26, 242, '2011-08-17', 'luctus et ultrices'),
(467, 36, 486, '2021-10-14', 'orci luctus et ultrices posuere'),
(468, 12, 653, '2014-10-11', 'sed tincidunt eu'),
(469, 61, 695, '2010-08-30', 'nibh in quis justo maecenas rhoncus aliquam lacus'),
(470, 15, 686, '2011-08-17', 'viverra eget congue eget semper'),
(471, 39, 179, '2021-10-14', 'augue vel'),
(472, 57, 432, '2014-10-11', 'orci nullam molestie nibh in'),
(473, 84, 129, '2010-08-30', 'erat quisque'),
(474, 57, 885, '2011-08-17', 'auctor gravida sem praesent id massa'),
(475, 1, 294, '2021-10-14', 'eget rutrum at lorem integer tincidunt ante'),
(476, 19, 390, '2014-10-11', 'nulla eget eros elementum pellentesque quisque porta'),
(477, 3, 175, '2010-08-30', 'congue eget semper rutrum'),
(478, 90, 151, '2011-08-17', 'cras pellentesque volutpat'),
(479, 71, 454, '2021-10-14', 'bibendum morbi non quam nec dui luctus'),
(480, 9, 592, '2014-10-11', 'adipiscing elit proin risus praesent lectus'),
(481, 16, 754, '2010-08-30', 'accumsan felis ut at'),
(482, 88, 100, '2011-08-17', 'dolor vel est donec odio justo sollicitudin'),
(483, 92, 740, '2021-10-14', 'dui proin'),
(484, 1, 299, '2014-10-11', 'ut erat curabitur gravida nisi at nibh'),
(485, 34, 265, '2010-08-30', 'at lorem integer tincidunt ante vel ipsum'),
(486, 57, 119, '2011-08-17', 'pellentesque ultrices'),
(487, 27, 762, '2021-10-14', 'augue quam sollicitudin vitae'),
(488, 88, 249, '2014-10-11', 'faucibus orci'),
(489, 10, 360, '2010-08-30', 'platea dictumst aliquam augue quam sollicitudin vitae consectetuer'),
(490, 47, 770, '2011-08-17', 'natoque penatibus et magnis dis'),
(491, 27, 48, '2021-10-14', 'nisi at'),
(492, 62, 736, '2014-10-11', 'dapibus augue vel accumsan tellus nisi eu'),
(493, 22, 962, '2010-08-30', 'sit amet justo morbi'),
(494, 62, 993, '2011-08-17', 'faucibus accumsan odio'),
(495, 10, 662, '2021-10-14', 'donec pharetra magna vestibulum aliquet ultrices erat tortor'),
(496, 32, 917, '2014-10-11', 'luctus et'),
(497, 74, 296, '2010-08-30', 'ultricies eu nibh quisque id justo'),
(498, 22, 181, '2011-08-17', 'viverra eget congue eget semper rutrum nulla'),
(499, 96, 600, '2021-10-14', 'enim blandit mi in porttitor pede'),
(500, 38, 5, '2014-10-11', 'tortor duis mattis'),
(501, 65, 338, '2010-08-30', 'consequat metus'),
(502, 34, 882, '2011-08-17', 'placerat ante nulla justo aliquam'),
(503, 73, 55, '2021-10-14', 'enim sit'),
(504, 36, 46, '2014-10-11', 'aenean fermentum donec ut mauris eget'),
(505, 45, 800, '2010-08-30', 'quisque id justo'),
(506, 33, 141, '2011-08-17', 'sed accumsan felis'),
(507, 18, 521, '2021-10-14', 'tortor duis mattis egestas metus'),
(508, 87, 751, '2014-10-11', 'in purus eu magna'),
(509, 93, 474, '2010-08-30', 'justo eu massa donec dapibus duis at'),
(510, 36, 835, '2011-08-17', 'fusce congue diam id ornare'),
(511, 94, 536, '2021-10-14', 'in eleifend quam a odio'),
(512, 22, 198, '2014-10-11', 'ridiculus mus etiam'),
(513, 68, 346, '2010-08-30', 'morbi quis tortor id nulla ultrices aliquet maecenas'),
(514, 34, 707, '2011-08-17', 'ac diam cras pellentesque volutpat dui maecenas'),
(515, 90, 633, '2021-10-14', 'donec dapibus duis'),
(516, 47, 597, '2014-10-11', 'sapien sapien'),
(517, 59, 627, '2010-08-30', 'ultrices vel'),
(518, 56, 745, '0001-01-01', 'lectus in est risus auctor sed tristique in'),
(519, 5, 549, '2021-10-14', 'semper est quam pharetra'),
(520, 31, 231, '2014-10-11', 'metus sapien'),
(521, 3, 824, '2010-08-30', 'dolor quis odio consequat varius integer ac'),
(522, 52, 676, '2011-08-17', 'rutrum nulla'),
(523, 14, 334, '2021-10-14', 'donec pharetra magna vestibulum aliquet ultrices'),
(524, 51, 469, '2014-10-11', 'et ultrices posuere'),
(525, 84, 464, '2010-08-30', 'in hac habitasse'),
(526, 53, 144, '2011-08-17', 'aliquet massa id lobortis convallis tortor risus'),
(527, 39, 519, '2021-10-14', 'aenean auctor'),
(528, 2, 68, '2014-10-11', 'neque sapien placerat'),
(529, 38, 665, '2010-08-30', 'ante vestibulum ante ipsum'),
(530, 21, 820, '2011-08-17', 'vel pede morbi porttitor lorem'),
(531, 68, 483, '2021-10-14', 'convallis eget eleifend'),
(532, 86, 598, '2014-10-11', 'congue etiam justo'),
(533, 51, 800, '2010-08-30', 'ipsum primis in faucibus orci'),
(534, 69, 225, '2011-08-17', 'varius integer ac leo pellentesque ultrices mattis odio'),
(535, 65, 113, '2021-10-14', 'sollicitudin ut suscipit a feugiat et eros vestibulum'),
(536, 29, 469, '2014-10-11', 'vel sem sed sagittis nam congue risus'),
(537, 74, 50, '2010-08-30', 'habitasse platea dictumst etiam faucibus cursus urna ut'),
(538, 98, 325, '2011-08-17', 'in libero'),
(539, 12, 74, '2021-10-14', 'vulputate ut ultrices'),
(540, 18, 548, '2014-10-11', 'in faucibus orci'),
(541, 43, 140, '2010-08-30', 'suspendisse potenti in eleifend quam a odio in'),
(542, 78, 503, '2011-08-17', 'aliquet pulvinar sed nisl'),
(543, 93, 286, '2021-10-14', 'magna ac consequat metus sapien'),
(544, 8, 81, '2014-10-11', 'proin eu mi nulla ac enim in'),
(545, 22, 217, '2010-08-30', 'dictumst aliquam augue quam sollicitudin vitae'),
(546, 36, 948, '2011-08-17', 'augue quam sollicitudin vitae consectetuer'),
(547, 46, 472, '2021-10-14', 'nec molestie sed justo pellentesque viverra pede'),
(548, 62, 342, '2014-10-11', 'interdum in ante vestibulum'),
(549, 95, 800, '2010-08-30', 'cras pellentesque'),
(550, 93, 705, '2011-08-17', 'ut nunc vestibulum ante ipsum primis in faucibus'),
(551, 23, 841, '2021-10-14', 'aliquet ultrices erat tortor sollicitudin mi sit amet'),
(552, 25, 896, '2014-10-11', 'nascetur ridiculus mus etiam vel augue'),
(553, 50, 300, '2010-08-30', 'ut nunc'),
(554, 1, 408, '2011-08-17', 'nulla integer pede justo lacinia eget'),
(555, 52, 657, '2021-10-14', 'tortor duis mattis egestas metus'),
(556, 84, 40, '2014-10-11', 'vivamus vel nulla eget'),
(557, 44, 343, '2010-08-30', 'risus dapibus augue vel'),
(558, 16, 969, '2011-08-17', 'vel pede'),
(559, 11, 97, '2021-10-14', 'quam pharetra magna'),
(560, 25, 375, '2014-10-11', 'id lobortis'),
(561, 33, 112, '2010-08-30', 'donec pharetra magna vestibulum aliquet ultrices erat'),
(562, 20, 83, '2011-08-17', 'dictumst etiam faucibus cursus'),
(563, 56, 282, '2021-10-14', 'diam id ornare imperdiet sapien urna pretium'),
(564, 65, 522, '2014-10-11', 'mauris vulputate elementum nullam varius'),
(565, 86, 516, '2010-08-30', 'amet diam in magna bibendum imperdiet'),
(566, 78, 171, '2011-08-17', 'aliquam non'),
(567, 98, 745, '2021-10-14', 'fusce posuere felis sed lacus morbi sem mauris'),
(568, 27, 475, '2014-10-11', 'nisl aenean lectus pellentesque eget nunc donec quis'),
(569, 19, 498, '2010-08-30', 'sit amet justo morbi ut odio'),
(570, 64, 215, '2011-08-17', 'odio donec vitae nisi nam ultrices libero non'),
(571, 19, 268, '2021-10-14', 'vel pede morbi porttitor lorem id ligula'),
(572, 5, 932, '2014-10-11', 'pede justo lacinia eget tincidunt eget tempus vel'),
(573, 26, 958, '2010-08-30', 'et magnis dis parturient montes nascetur ridiculus'),
(574, 30, 991, '2011-08-17', 'semper porta volutpat quam pede'),
(575, 97, 649, '2021-10-14', 'id lobortis convallis tortor'),
(576, 72, 326, '2014-10-11', 'nibh in quis justo'),
(577, 2, 281, '2010-08-30', 'pellentesque volutpat dui maecenas tristique'),
(578, 77, 714, '2011-08-17', 'quis augue luctus'),
(579, 91, 430, '2021-10-14', 'tempor convallis nulla neque libero'),
(580, 74, 918, '2014-10-11', 'dui maecenas tristique est et'),
(581, 13, 503, '2010-08-30', 'magna vestibulum aliquet ultrices'),
(582, 42, 165, '2011-08-17', 'fringilla rhoncus mauris enim'),
(583, 46, 102, '2021-10-14', 'sem fusce'),
(584, 92, 233, '2014-10-11', 'mus vivamus vestibulum sagittis'),
(585, 62, 972, '2010-08-30', 'nec dui luctus rutrum'),
(586, 47, 906, '2011-08-17', 'morbi non lectus'),
(587, 31, 95, '2021-10-14', 'cubilia curae donec pharetra magna'),
(588, 85, 565, '2014-10-11', 'hac habitasse platea dictumst'),
(589, 76, 270, '2010-08-30', 'ut odio cras mi pede malesuada in imperdiet'),
(590, 48, 962, '2011-08-17', 'ut volutpat sapien arcu sed'),
(591, 83, 637, '2021-10-14', 'ultrices phasellus id sapien in'),
(592, 27, 742, '2014-10-11', 'rutrum nulla nunc purus'),
(593, 2, 430, '2010-08-30', 'augue vel accumsan tellus nisi eu'),
(594, 96, 487, '2011-08-17', 'purus eu magna vulputate luctus cum sociis'),
(595, 42, 799, '2021-10-14', 'odio condimentum id luctus nec molestie sed'),
(596, 65, 713, '2014-10-11', 'convallis duis consequat dui nec nisi volutpat eleifend'),
(597, 31, 324, '2010-08-30', 'rutrum rutrum neque aenean'),
(598, 18, 559, '2011-08-17', 'in felis donec semper sapien a libero'),
(599, 94, 205, '2021-10-14', 'erat nulla tempus'),
(600, 92, 247, '2014-10-11', 'in ante vestibulum ante'),
(601, 30, 237, '2010-08-30', 'id lobortis convallis tortor risus dapibus augue vel'),
(602, 9, 944, '2011-08-17', 'lacus at turpis'),
(603, 72, 260, '2021-10-14', 'in consequat'),
(604, 60, 213, '2014-10-11', 'leo rhoncus sed'),
(605, 80, 259, '2010-08-30', 'vulputate elementum nullam varius nulla facilisi'),
(606, 23, 951, '2011-08-17', 'nulla justo aliquam quis turpis eget elit sodales'),
(607, 20, 588, '2021-10-14', 'viverra diam vitae quam suspendisse potenti nullam porttitor'),
(608, 61, 411, '2014-10-11', 'mi nulla ac enim in tempor'),
(609, 74, 437, '2010-08-30', 'tellus in sagittis dui vel nisl duis ac'),
(610, 79, 647, '2011-08-17', 'aliquam convallis nunc'),
(611, 47, 381, '2021-10-14', 'gravida sem praesent id massa'),
(612, 17, 289, '2014-10-11', 'est congue elementum in hac habitasse platea'),
(613, 2, 491, '2010-08-30', 'nulla suspendisse'),
(614, 69, 888, '2011-08-17', 'donec dapibus duis at'),
(615, 73, 961, '2021-10-14', 'primis in faucibus orci luctus et ultrices posuere'),
(616, 51, 802, '2014-10-11', 'platea dictumst etiam faucibus'),
(617, 82, 921, '2010-08-30', 'consectetuer eget rutrum at lorem'),
(618, 34, 675, '2011-08-17', 'massa volutpat convallis morbi odio'),
(619, 13, 875, '2021-10-14', 'rhoncus sed vestibulum sit amet cursus id turpis'),
(620, 27, 545, '2014-10-11', 'in quis'),
(621, 8, 675, '2010-08-30', 'leo odio'),
(622, 33, 720, '2011-08-17', 'volutpat erat quisque'),
(623, 49, 281, '2021-10-14', 'dolor sit amet consectetuer'),
(624, 4, 244, '2014-10-11', 'nulla facilisi cras non'),
(625, 76, 776, '2010-08-30', 'nunc vestibulum ante'),
(626, 4, 827, '2011-08-17', 'justo sollicitudin'),
(627, 19, 181, '2021-10-14', 'nullam varius'),
(628, 17, 286, '2014-10-11', 'ultrices erat'),
(629, 21, 160, '2010-08-30', 'odio odio elementum'),
(630, 33, 777, '2011-08-17', 'in quam fringilla'),
(631, 10, 253, '2021-10-14', 'vestibulum sagittis sapien cum sociis natoque penatibus'),
(632, 33, 408, '2014-10-11', 'eget massa'),
(633, 62, 474, '2010-08-30', 'nunc viverra dapibus'),
(634, 14, 889, '2011-08-17', 'lacus morbi quis'),
(635, 58, 692, '2021-10-14', 'et ultrices posuere'),
(636, 89, 411, '2014-10-11', 'nullam sit amet turpis elementum ligula vehicula'),
(637, 84, 795, '2010-08-30', 'varius integer ac leo pellentesque ultrices mattis odio'),
(638, 90, 296, '2011-08-17', 'at turpis donec'),
(639, 87, 429, '2021-10-14', 'eget elit sodales scelerisque mauris sit'),
(640, 46, 456, '2014-10-11', 'dapibus nulla suscipit ligula in'),
(641, 30, 745, '2010-08-30', 'dis parturient'),
(642, 59, 766, '2011-08-17', 'ut nulla sed accumsan felis ut at dolor'),
(643, 59, 753, '2021-10-14', 'vel augue vestibulum'),
(644, 77, 469, '2014-10-11', 'dolor sit amet'),
(645, 21, 659, '2010-08-30', 'ligula suspendisse ornare consequat'),
(646, 73, 426, '2011-08-17', 'duis bibendum morbi'),
(647, 48, 196, '2021-10-14', 'id sapien in sapien iaculis'),
(648, 48, 542, '2014-10-11', 'non mauris morbi non lectus aliquam sit amet'),
(649, 100, 669, '2010-08-30', 'luctus ultricies'),
(650, 57, 879, '2011-08-17', 'nisl duis bibendum'),
(651, 58, 767, '2021-10-14', 'nisl venenatis lacinia aenean sit amet'),
(652, 17, 617, '2014-10-11', 'lectus vestibulum quam sapien varius'),
(653, 84, 243, '2010-08-30', 'non mattis pulvinar'),
(654, 52, 18, '2011-08-17', 'semper rutrum nulla nunc purus phasellus in'),
(655, 72, 836, '2021-10-14', 'enim lorem ipsum'),
(656, 96, 524, '2014-10-11', 'ullamcorper purus sit amet nulla quisque arcu libero'),
(657, 38, 180, '2010-08-30', 'ac leo'),
(658, 14, 395, '2011-08-17', 'condimentum id luctus nec molestie sed justo pellentesque'),
(659, 22, 958, '2021-10-14', 'placerat praesent blandit nam nulla'),
(660, 66, 430, '2014-10-11', 'luctus cum sociis'),
(661, 27, 726, '2010-08-30', 'amet diam'),
(662, 59, 197, '2011-08-17', 'justo nec condimentum'),
(663, 56, 208, '2021-10-14', 'dis parturient montes'),
(664, 62, 449, '2014-10-11', 'in felis eu sapien cursus vestibulum'),
(665, 68, 286, '2010-08-30', 'nisi vulputate nonummy maecenas'),
(666, 3, 441, '2011-08-17', 'blandit lacinia erat vestibulum sed magna at nunc'),
(667, 73, 146, '2021-10-14', 'justo lacinia eget tincidunt eget tempus vel pede'),
(668, 8, 815, '2014-10-11', 'in faucibus orci luctus'),
(669, 18, 168, '2010-08-30', 'interdum mauris ullamcorper purus sit amet'),
(670, 1, 914, '2011-08-17', 'sed nisl nunc'),
(671, 6, 887, '2021-10-14', 'platea dictumst etiam'),
(672, 3, 456, '2014-10-11', 'quis lectus suspendisse potenti in eleifend quam a'),
(673, 80, 687, '2010-08-30', 'purus sit amet nulla quisque arcu libero'),
(674, 3, 788, '2011-08-17', 'nunc commodo placerat praesent blandit nam'),
(675, 44, 157, '2021-10-14', 'pretium nisl ut volutpat sapien arcu sed augue'),
(676, 86, 413, '2014-10-11', 'arcu adipiscing molestie hendrerit at vulputate'),
(677, 24, 13, '2010-08-30', 'tempus vel'),
(678, 51, 257, '2011-08-17', 'mi sit amet lobortis sapien sapien'),
(679, 66, 75, '2021-10-14', 'purus eu magna vulputate luctus cum'),
(680, 63, 134, '2014-10-11', 'sodales scelerisque mauris sit amet eros suspendisse accumsan'),
(681, 74, 890, '2010-08-30', 'luctus ultricies eu nibh quisque'),
(682, 22, 15, '2011-08-17', 'vulputate vitae nisl'),
(683, 87, 835, '2021-10-14', 'nec molestie sed justo pellentesque viverra pede ac'),
(684, 42, 602, '2014-10-11', 'vestibulum ante'),
(685, 15, 392, '2010-08-30', 'auctor gravida sem praesent'),
(686, 73, 696, '2011-08-17', 'morbi non lectus'),
(687, 9, 762, '2021-10-14', 'cras pellentesque'),
(688, 42, 188, '2014-10-11', 'dapibus duis at velit eu'),
(689, 10, 244, '2010-08-30', 'pretium nisl ut volutpat sapien arcu sed augue'),
(690, 62, 768, '2011-08-17', 'in faucibus orci luctus et ultrices'),
(691, 93, 299, '2021-10-14', 'ac diam cras pellentesque volutpat dui maecenas'),
(692, 44, 452, '2014-10-11', 'aliquam sit amet diam in magna bibendum'),
(693, 63, 650, '2010-08-30', 'consequat metus sapien ut nunc'),
(694, 98, 620, '2011-08-17', 'vel nulla eget eros elementum'),
(695, 38, 86, '2021-10-14', 'montes nascetur'),
(696, 76, 503, '2014-10-11', 'tempus vel pede morbi porttitor lorem id'),
(697, 83, 806, '2010-08-30', 'ligula pellentesque ultrices phasellus id sapien'),
(698, 90, 507, '2011-08-17', 'pede malesuada in'),
(699, 43, 772, '2021-10-14', 'ultrices posuere cubilia curae duis faucibus accumsan odio'),
(700, 61, 682, '2014-10-11', 'enim lorem ipsum'),
(701, 25, 747, '2010-08-30', 'hac habitasse'),
(702, 55, 928, '2011-08-17', 'donec ut dolor morbi vel lectus in'),
(703, 95, 837, '2021-10-14', 'id luctus'),
(704, 45, 860, '2014-10-11', 'donec ut mauris eget'),
(705, 48, 742, '2010-08-30', 'id justo sit amet sapien dignissim vestibulum vestibulum'),
(706, 93, 885, '2011-08-17', 'phasellus in felis'),
(707, 10, 59, '2021-10-14', 'aliquam lacus morbi quis tortor id nulla'),
(708, 22, 912, '2014-10-11', 'congue risus semper porta volutpat quam pede lobortis'),
(709, 13, 966, '2010-08-30', 'at nunc commodo placerat praesent blandit'),
(710, 93, 207, '2011-08-17', 'in quam fringilla rhoncus'),
(711, 42, 352, '2021-10-14', 'nulla facilisi cras non velit nec nisi'),
(712, 71, 22, '2014-10-11', 'in hac habitasse platea dictumst maecenas ut'),
(713, 73, 298, '2010-08-30', 'nascetur ridiculus mus vivamus vestibulum sagittis sapien'),
(714, 78, 92, '2011-08-17', 'a ipsum'),
(715, 66, 243, '2021-10-14', 'nec dui luctus rutrum nulla tellus'),
(716, 32, 473, '2014-10-11', 'quis justo maecenas'),
(717, 62, 951, '2010-08-30', 'duis mattis egestas metus aenean'),
(718, 73, 579, '2011-08-17', 'massa donec dapibus'),
(719, 16, 455, '2021-10-14', 'sed augue aliquam erat volutpat in congue etiam'),
(720, 65, 583, '2014-10-11', 'in sagittis dui vel nisl duis'),
(721, 42, 307, '2010-08-30', 'ut ultrices vel'),
(722, 41, 611, '2011-08-17', 'proin interdum mauris non'),
(723, 67, 205, '2021-10-14', 'amet turpis'),
(724, 7, 270, '2014-10-11', 'ipsum dolor sit amet consectetuer adipiscing'),
(725, 17, 183, '2010-08-30', 'mattis nibh ligula nec sem duis aliquam convallis'),
(726, 69, 192, '2011-08-17', 'ligula nec sem duis aliquam convallis nunc proin'),
(727, 2, 968, '2021-10-14', 'ullamcorper augue a suscipit nulla elit ac nulla'),
(728, 7, 928, '2014-10-11', 'turpis donec posuere metus vitae ipsum aliquam non'),
(729, 85, 828, '2010-08-30', 'in consequat ut nulla'),
(730, 71, 175, '2011-08-17', 'eros elementum pellentesque quisque porta volutpat erat'),
(731, 87, 521, '2021-10-14', 'rutrum neque aenean'),
(732, 53, 738, '2014-10-11', 'pede malesuada in imperdiet et commodo vulputate'),
(733, 39, 523, '2010-08-30', 'in imperdiet et commodo vulputate justo'),
(734, 36, 770, '2011-08-17', 'sagittis nam'),
(735, 39, 887, '2021-10-14', 'nulla nunc purus phasellus in'),
(736, 60, 252, '2014-10-11', 'at turpis donec posuere metus vitae'),
(737, 51, 121, '2010-08-30', 'odio curabitur'),
(738, 50, 797, '2011-08-17', 'nulla sed vel'),
(739, 62, 634, '2021-10-14', 'phasellus sit amet erat nulla tempus vivamus in'),
(740, 84, 742, '2014-10-11', 'lobortis vel dapibus at diam nam tristique tortor'),
(741, 89, 445, '2010-08-30', 'eget massa tempor convallis nulla neque'),
(742, 58, 321, '2011-08-17', 'mauris laoreet ut rhoncus aliquet'),
(743, 74, 415, '2021-10-14', 'in felis eu sapien cursus vestibulum'),
(744, 46, 152, '2014-10-11', 'dolor vel est donec'),
(745, 4, 988, '2010-08-30', 'quis libero nullam sit amet turpis elementum'),
(746, 18, 19, '2011-08-17', 'tempus vel pede'),
(747, 19, 566, '2021-10-14', 'dapibus nulla suscipit ligula'),
(748, 76, 57, '2014-10-11', 'lectus vestibulum quam'),
(749, 34, 648, '2010-08-30', 'donec semper sapien a'),
(750, 6, 213, '2011-08-17', 'eget nunc donec quis orci eget'),
(751, 25, 581, '2021-10-14', 'sed augue aliquam erat'),
(752, 84, 698, '2014-10-11', 'sem praesent id'),
(753, 93, 483, '2010-08-30', 'quis tortor id nulla ultrices'),
(754, 58, 800, '2011-08-17', 'elementum ligula vehicula consequat morbi'),
(755, 36, 193, '2021-10-14', 'rhoncus dui vel sem sed sagittis'),
(756, 26, 809, '2014-10-11', 'tincidunt nulla mollis molestie lorem quisque ut erat'),
(757, 4, 315, '2010-08-30', 'amet sem fusce consequat nulla nisl nunc nisl'),
(758, 13, 720, '2011-08-17', 'nibh fusce lacus purus aliquet at feugiat non'),
(759, 45, 703, '2021-10-14', 'vulputate nonummy maecenas tincidunt lacus at velit vivamus'),
(760, 49, 356, '2014-10-11', 'eget elit sodales'),
(761, 91, 951, '2010-08-30', 'duis bibendum felis sed interdum venenatis'),
(762, 76, 289, '2011-08-17', 'tortor risus dapibus augue vel accumsan tellus'),
(763, 24, 111, '2021-10-14', 'at vulputate vitae nisl aenean'),
(764, 63, 981, '2014-10-11', 'vel est donec odio justo sollicitudin ut'),
(765, 4, 96, '2010-08-30', 'porttitor lacus at turpis donec'),
(766, 77, 169, '2011-08-17', 'condimentum id luctus nec molestie sed justo'),
(767, 27, 728, '2021-10-14', 'risus auctor sed tristique in tempus sit amet'),
(768, 49, 635, '2014-10-11', 'lobortis sapien sapien non mi integer ac neque'),
(769, 51, 888, '2010-08-30', 'in ante'),
(770, 22, 226, '2011-08-17', 'cursus id turpis'),
(771, 11, 80, '2021-10-14', 'vel augue vestibulum rutrum rutrum neque aenean'),
(772, 91, 262, '2014-10-11', 'maecenas tincidunt'),
(773, 43, 820, '2010-08-30', 'vehicula consequat morbi a'),
(774, 2, 256, '2011-08-17', 'eu massa donec dapibus duis'),
(775, 14, 781, '2021-10-14', 'neque vestibulum eget vulputate ut ultrices'),
(776, 17, 522, '2014-10-11', 'velit nec nisi vulputate nonummy maecenas tincidunt'),
(777, 37, 631, '2010-08-30', 'platea dictumst etiam'),
(778, 48, 767, '2011-08-17', 'vel dapibus at'),
(779, 41, 960, '2021-10-14', 'vestibulum ac'),
(780, 11, 355, '2014-10-11', 'sociis natoque penatibus et magnis dis parturient montes'),
(781, 55, 769, '2010-08-30', 'ut massa'),
(782, 51, 562, '2011-08-17', 'penatibus et magnis dis'),
(783, 79, 714, '2021-10-14', 'pellentesque quisque porta'),
(784, 29, 146, '2014-10-11', 'nisi eu'),
(785, 51, 604, '2010-08-30', 'aliquam convallis nunc proin at turpis'),
(786, 79, 247, '2011-08-17', 'nunc donec quis'),
(787, 50, 341, '2021-10-14', 'porttitor id consequat in consequat ut'),
(788, 39, 66, '2014-10-11', 'at nulla suspendisse potenti cras in purus'),
(789, 9, 334, '2010-08-30', 'in quam fringilla rhoncus mauris enim leo'),
(790, 91, 682, '2011-08-17', 'ut odio cras mi pede malesuada'),
(791, 97, 168, '2021-10-14', 'vestibulum vestibulum ante ipsum primis in'),
(792, 61, 851, '2014-10-11', 'eros elementum pellentesque quisque porta volutpat'),
(793, 47, 12, '2010-08-30', 'velit id'),
(794, 2, 920, '2011-08-17', 'vestibulum sagittis sapien cum'),
(795, 68, 126, '2021-10-14', 'ultrices posuere cubilia curae nulla dapibus'),
(796, 10, 226, '2014-10-11', 'ornare imperdiet sapien'),
(797, 25, 731, '2010-08-30', 'magnis dis parturient montes nascetur ridiculus mus'),
(798, 7, 643, '2011-08-17', 'justo in blandit ultrices'),
(799, 74, 348, '2021-10-14', 'vitae nisl aenean lectus pellentesque eget nunc donec'),
(800, 61, 40, '2014-10-11', 'velit vivamus vel nulla eget eros'),
(801, 85, 467, '2010-08-30', 'diam nam tristique tortor eu pede'),
(802, 13, 184, '2011-08-17', 'praesent blandit nam'),
(803, 27, 789, '2021-10-14', 'morbi vel lectus in quam fringilla rhoncus'),
(804, 74, 356, '2014-10-11', 'lorem vitae mattis'),
(805, 34, 222, '2010-08-30', 'aliquet maecenas leo'),
(806, 72, 286, '2011-08-17', 'semper est quam pharetra magna'),
(807, 31, 823, '2021-10-14', 'ligula in lacus curabitur at ipsum'),
(808, 70, 139, '2014-10-11', 'lacinia erat vestibulum sed magna'),
(809, 77, 550, '2010-08-30', 'odio justo'),
(810, 72, 699, '2011-08-17', 'odio donec vitae nisi nam'),
(811, 2, 194, '2021-10-14', 'iaculis justo in'),
(812, 34, 200, '2014-10-11', 'blandit mi in porttitor pede'),
(813, 54, 364, '2010-08-30', 'luctus et ultrices posuere cubilia'),
(814, 72, 565, '2011-08-17', 'posuere cubilia curae nulla dapibus dolor'),
(815, 30, 750, '2021-10-14', 'nunc purus phasellus'),
(816, 69, 291, '2014-10-11', 'enim blandit'),
(817, 60, 905, '2010-08-30', 'lacinia nisi venenatis tristique fusce congue diam id'),
(818, 26, 923, '2011-08-17', 'aliquam lacus morbi quis tortor id nulla'),
(819, 4, 654, '2021-10-14', 'ultrices libero non mattis pulvinar nulla'),
(820, 97, 834, '2014-10-11', 'nullam molestie nibh in lectus pellentesque at nulla'),
(821, 76, 987, '2010-08-30', 'eu pede'),
(822, 27, 18, '2011-08-17', 'quis turpis'),
(823, 66, 900, '2021-10-14', 'vestibulum velit id pretium iaculis diam erat'),
(824, 34, 422, '2014-10-11', 'pellentesque eget nunc donec quis orci eget'),
(825, 92, 766, '2010-08-30', 'nulla justo aliquam'),
(826, 67, 967, '2011-08-17', 'sapien cursus vestibulum proin eu mi'),
(827, 90, 786, '2021-10-14', 'nulla suspendisse potenti cras in'),
(828, 32, 355, '2014-10-11', 'id nisl venenatis lacinia aenean sit amet justo'),
(829, 80, 972, '2010-08-30', 'egestas metus aenean fermentum donec'),
(830, 15, 29, '2011-08-17', 'praesent id'),
(831, 22, 921, '2021-10-14', 'ultrices phasellus id sapien in sapien'),
(832, 70, 584, '2014-10-11', 'montes nascetur ridiculus mus vivamus vestibulum sagittis'),
(833, 44, 736, '2010-08-30', 'sed vestibulum sit amet cursus'),
(834, 49, 173, '2011-08-17', 'egestas metus aenean'),
(835, 56, 252, '2021-10-14', 'vitae consectetuer eget rutrum at lorem integer'),
(836, 85, 28, '2014-10-11', 'consequat lectus in est risus auctor sed'),
(837, 37, 362, '2010-08-30', 'interdum mauris ullamcorper purus sit amet nulla'),
(838, 92, 494, '2011-08-17', 'sapien a libero nam dui proin leo odio'),
(839, 54, 413, '2021-10-14', 'orci nullam'),
(840, 41, 56, '2014-10-11', 'vestibulum proin'),
(841, 26, 614, '2010-08-30', 'eu magna vulputate luctus cum sociis natoque'),
(842, 88, 7, '2011-08-17', 'justo etiam pretium iaculis justo in'),
(843, 10, 707, '2021-10-14', 'quam pede lobortis ligula'),
(844, 52, 255, '2014-10-11', 'consequat varius integer ac leo'),
(845, 76, 576, '2010-08-30', 'id nulla ultrices aliquet'),
(846, 77, 390, '2011-08-17', 'eleifend pede libero'),
(847, 57, 89, '2021-10-14', 'quisque erat'),
(848, 84, 221, '2014-10-11', 'in magna'),
(849, 51, 561, '2010-08-30', 'platea dictumst'),
(850, 26, 955, '2011-08-17', 'turpis integer'),
(851, 49, 869, '2021-10-14', 'in libero ut massa volutpat convallis'),
(852, 75, 601, '2014-10-11', 'posuere cubilia curae donec pharetra'),
(853, 81, 576, '2010-08-30', 'pulvinar sed nisl nunc'),
(854, 90, 779, '2011-08-17', 'luctus et ultrices posuere cubilia curae'),
(855, 8, 408, '2021-10-14', 'turpis enim blandit mi'),
(856, 47, 566, '2014-10-11', 'nulla justo aliquam quis turpis eget elit sodales'),
(857, 40, 579, '2010-08-30', 'eget eleifend luctus ultricies eu nibh'),
(858, 45, 853, '2011-08-17', 'iaculis congue vivamus metus arcu adipiscing molestie'),
(859, 72, 457, '2021-10-14', 'vestibulum quam sapien varius ut blandit non interdum'),
(860, 87, 846, '2014-10-11', 'lectus vestibulum quam sapien varius ut'),
(861, 46, 495, '2010-08-30', 'pede morbi porttitor lorem id ligula suspendisse'),
(862, 14, 707, '2011-08-17', 'nibh in quis justo maecenas rhoncus aliquam'),
(863, 86, 402, '2021-10-14', 'elementum ligula vehicula consequat'),
(864, 39, 564, '2014-10-11', 'justo morbi ut odio cras mi pede malesuada'),
(865, 45, 617, '2010-08-30', 'quis turpis'),
(866, 50, 21, '2011-08-17', 'sed vestibulum sit amet cursus id'),
(867, 16, 723, '2021-10-14', 'est et tempus semper'),
(868, 50, 730, '2014-10-11', 'nisl venenatis lacinia aenean sit amet justo morbi'),
(869, 27, 826, '2010-08-30', 'ante vivamus tortor duis mattis egestas metus aenean'),
(870, 53, 676, '2011-08-17', 'suspendisse potenti cras in'),
(871, 58, 222, '2021-10-14', 'consequat ut nulla sed'),
(872, 76, 713, '2014-10-11', 'mattis nibh ligula nec'),
(873, 81, 570, '2010-08-30', 'massa donec dapibus duis at velit eu est'),
(874, 48, 891, '2011-08-17', 'justo maecenas rhoncus aliquam lacus'),
(875, 62, 285, '2021-10-14', 'neque sapien placerat ante nulla justo aliquam quis'),
(876, 18, 317, '2014-10-11', 'vestibulum sagittis sapien cum sociis'),
(877, 61, 52, '2010-08-30', 'vitae consectetuer eget rutrum at lorem integer tincidunt'),
(878, 91, 404, '2011-08-17', 'proin leo odio'),
(879, 54, 110, '2021-10-14', 'nec molestie'),
(880, 88, 695, '2014-10-11', 'posuere felis sed lacus morbi sem mauris'),
(881, 36, 54, '2010-08-30', 'lacinia nisi venenatis tristique fusce congue diam'),
(882, 41, 608, '2011-08-17', 'habitasse platea dictumst morbi vestibulum velit id'),
(883, 19, 635, '2021-10-14', 'diam vitae quam suspendisse potenti nullam porttitor lacus'),
(884, 7, 297, '2014-10-11', 'nec euismod scelerisque quam turpis adipiscing lorem vitae'),
(885, 100, 300, '2010-08-30', 'enim sit amet nunc'),
(886, 4, 433, '2011-08-17', 'molestie lorem quisque ut erat curabitur gravida'),
(887, 45, 416, '2021-10-14', 'vestibulum proin eu mi nulla ac'),
(888, 78, 115, '2014-10-11', 'pellentesque at nulla suspendisse potenti cras in'),
(889, 51, 634, '2010-08-30', 'erat fermentum justo'),
(890, 23, 90, '2011-08-17', 'sit amet nulla quisque arcu libero'),
(891, 61, 561, '2021-10-14', 'sapien cursus vestibulum proin eu mi nulla ac'),
(892, 68, 596, '2014-10-11', 'dolor quis odio consequat varius integer ac'),
(893, 89, 130, '2010-08-30', 'risus praesent'),
(894, 40, 962, '2011-08-17', 'donec quis orci eget'),
(895, 4, 188, '2021-10-14', 'blandit non interdum in'),
(896, 74, 638, '2014-10-11', 'eget eleifend'),
(897, 75, 868, '2010-08-30', 'libero non mattis pulvinar nulla'),
(898, 61, 901, '2011-08-17', 'proin interdum mauris non ligula'),
(899, 29, 843, '2021-10-14', 'non sodales sed tincidunt'),
(900, 85, 450, '2014-10-11', 'blandit lacinia'),
(901, 5, 861, '2017-01-28', 'integer ac leo pellentesque ultrices mattis odio donec'),
(902, 74, 899, '2016-07-05', 'donec quis'),
(903, 18, 929, '2016-11-30', 'feugiat non pretium quis lectus suspendisse'),
(904, 6, 545, '2021-02-08', 'posuere cubilia curae mauris viverra diam'),
(905, 40, 586, '2013-03-05', 'rhoncus aliquet pulvinar'),
(906, 85, 473, '2014-09-09', 'tincidunt eu felis fusce posuere felis sed lacus'),
(907, 2, 121, '2019-05-07', 'eget nunc donec quis orci eget orci vehicula'),
(908, 42, 35, '2018-04-18', 'vulputate elementum nullam varius nulla facilisi cras non'),
(909, 11, 937, '2011-04-20', 'augue vestibulum ante ipsum primis in faucibus orci'),
(910, 96, 588, '2011-02-16', 'integer tincidunt ante'),
(911, 37, 331, '2014-09-09', 'sit amet diam in'),
(912, 48, 225, '2019-05-07', 'id nisl venenatis lacinia'),
(913, 41, 703, '2018-04-18', 'ut volutpat sapien arcu sed augue aliquam erat'),
(914, 44, 501, '2011-04-20', 'donec vitae'),
(915, 69, 674, '2011-02-16', 'accumsan tortor quis turpis'),
(916, 74, 245, '2014-09-09', 'donec ut dolor morbi vel lectus in quam'),
(917, 95, 411, '2019-05-07', 'in leo maecenas pulvinar'),
(918, 57, 876, '2018-04-18', 'habitasse platea'),
(919, 51, 632, '2011-04-20', 'blandit nam nulla integer pede justo lacinia'),
(920, 24, 506, '2011-02-16', 'integer aliquet massa id lobortis convallis tortor'),
(921, 16, 138, '2014-09-09', 'luctus ultricies eu nibh quisque id justo'),
(922, 78, 671, '2017-08-09', 'dapibus augue vel accumsan tellus nisi eu'),
(923, 16, 937, '2015-11-23', 'porta volutpat erat quisque erat eros viverra'),
(924, 78, 118, '2016-08-07', 'massa volutpat convallis morbi odio'),
(925, 79, 638, '2015-03-22', 'amet nulla quisque arcu'),
(926, 54, 967, '2010-12-15', 'sem mauris laoreet'),
(927, 3, 799, '2013-06-20', 'eu nibh quisque id'),
(928, 28, 447, '2015-10-08', 'sem praesent id massa id'),
(929, 59, 502, '2013-09-08', 'nulla ac enim'),
(930, 73, 942, '2019-07-23', 'enim leo rhoncus sed vestibulum'),
(931, 4, 497, '2020-01-26', 'praesent lectus'),
(932, 7, 95, '2021-07-09', 'eu tincidunt in leo maecenas pulvinar'),
(933, 52, 802, '2019-08-14', 'nibh in hac'),
(934, 92, 682, '2017-01-11', 'sodales sed tincidunt eu felis fusce'),
(935, 84, 969, '2019-07-23', 'primis in'),
(936, 10, 720, '2020-01-26', 'vel ipsum praesent'),
(937, 27, 146, '2021-07-09', 'nulla nisl nunc nisl duis'),
(938, 34, 378, '2019-08-14', 'libero nam dui proin leo'),
(939, 65, 761, '2017-01-11', 'nisl nunc nisl duis bibendum felis sed'),
(940, 58, 275, '2019-07-23', 'ultrices libero non mattis pulvinar nulla pede ullamcorper'),
(941, 53, 974, '2014-10-24', 'ut massa quis augue luctus tincidunt nulla mollis'),
(942, 55, 125, '2020-02-21', 'lacinia erat vestibulum sed magna at nunc'),
(943, 28, 888, '2013-01-02', 'nulla suspendisse potenti cras in purus'),
(944, 37, 174, '2014-10-24', 'quisque ut erat curabitur'),
(945, 40, 560, '2020-02-21', 'mauris enim leo rhoncus sed'),
(946, 43, 213, '2013-01-02', 'condimentum neque sapien placerat ante'),
(947, 45, 455, '2013-11-12', 'faucibus cursus urna'),
(948, 41, 808, '2013-06-17', 'luctus nec molestie sed justo pellentesque'),
(949, 50, 24, '2020-06-21', 'amet diam in'),
(950, 92, 944, '2012-09-25', 'lobortis convallis tortor risus'),
(951, 33, 879, '2021-06-01', 'pellentesque volutpat dui maecenas tristique est'),
(952, 43, 200, '2021-06-01', 'consectetuer eget rutrum at lorem integer tincidunt'),
(953, 33, 565, '2013-12-29', 'non pretium quis lectus suspendisse'),
(954, 82, 162, '2020-01-13', 'mattis nibh ligula nec'),
(955, 41, 735, '2010-06-01', 'adipiscing molestie hendrerit at vulputate vitae nisl aenean'),
(956, 54, 874, '2012-08-19', 'vehicula condimentum curabitur in libero ut massa volutpat'),
(957, 91, 48, '2020-12-20', 'ipsum primis in faucibus orci'),
(958, 40, 487, '2020-09-09', 'ac nibh fusce lacus purus aliquet'),
(959, 58, 191, '2019-01-09', 'in faucibus orci luctus et'),
(960, 1, 616, '2020-11-08', 'quisque id'),
(961, 91, 31, '2020-11-08', 'nulla eget eros elementum'),
(962, 7, 831, '2014-02-10', 'duis aliquam convallis'),
(963, 72, 776, '2013-04-03', 'vestibulum sed magna at nunc'),
(964, 1, 451, '2018-09-08', 'fusce congue diam id ornare imperdiet sapien urna'),
(965, 68, 872, '2014-03-26', 'leo maecenas pulvinar'),
(966, 3, 352, '2020-03-09', 'amet nunc viverra'),
(967, 25, 445, '2010-09-19', 'vestibulum ante'),
(968, 99, 904, '2010-02-24', 'rhoncus dui'),
(969, 48, 696, '2016-05-13', 'phasellus sit amet'),
(970, 85, 706, '2018-11-13', 'risus semper porta volutpat quam pede lobortis'),
(971, 36, 266, '2010-09-19', 'semper porta volutpat quam pede lobortis ligula sit'),
(972, 81, 383, '2017-09-28', 'et ultrices posuere'),
(973, 79, 636, '2016-10-13', 'imperdiet nullam orci pede venenatis non sodales sed'),
(974, 21, 137, '2010-09-19', 'ac enim in tempor turpis nec euismod scelerisque'),
(975, 77, 605, '2010-09-19', 'in blandit ultrices enim lorem'),
(976, 86, 965, '2010-09-19', 'libero non'),
(977, 36, 80, '2010-09-19', 'nonummy integer non velit donec diam neque'),
(978, 42, 269, '2019-03-13', 'ultrices mattis odio donec vitae nisi'),
(979, 72, 903, '2020-01-24', 'accumsan felis ut at dolor'),
(980, 68, 724, '2017-05-07', 'venenatis tristique fusce congue diam id ornare imperdiet'),
(981, 65, 441, '2021-02-12', 'sit amet nunc viverra dapibus nulla suscipit ligula'),
(982, 2, 84, '2014-08-27', 'in faucibus'),
(983, 91, 205, '2010-10-27', 'habitasse platea dictumst aliquam augue quam sollicitudin'),
(984, 30, 380, '2017-08-16', 'consectetuer eget rutrum at lorem integer'),
(985, 89, 90, '2010-10-16', 'amet consectetuer'),
(986, 50, 598, '2010-10-16', 'vivamus metus arcu adipiscing molestie hendrerit'),
(987, 98, 697, '2010-10-16', 'id mauris vulputate elementum nullam varius nulla facilisi'),
(988, 95, 234, '2010-10-16', 'a feugiat et eros vestibulum'),
(989, 32, 163, '2010-10-16', 'et tempus semper est'),
(990, 38, 829, '2016-02-09', 'sodales sed tincidunt'),
(991, 49, 111, '2010-10-02', 'eget tempus vel pede morbi porttitor'),
(992, 66, 417, '2010-10-02', 'non mattis'),
(993, 78, 571, '2010-01-31', 'duis bibendum morbi non quam'),
(994, 32, 588, '2015-07-21', 'integer a nibh in quis justo'),
(995, 96, 9, '2015-12-15', 'nulla facilisi cras non'),
(996, 28, 168, '2010-06-27', 'neque aenean auctor'),
(997, 50, 640, '2010-09-05', 'non velit'),
(998, 13, 686, '2017-03-06', 'morbi vel lectus in quam fringilla rhoncus mauris'),
(999, 71, 615, '2018-07-20', 'blandit mi in'),
(1000, 96, 291, '2016-03-24', 'adipiscing molestie hendrerit at');